Provincias;País de residencia;Meses;Total
07 Balears, Illes;Total;Enero;2.342
07 Balears, Illes;Total;Febrero;4.757
07 Balears, Illes;Total;Marzo;9.465
07 Balears, Illes;Total;Abril;43.202
07 Balears, Illes;Total;Mayo;172.798
07 Balears, Illes;Total;Junio;248.125
07 Balears, Illes;Total;Julio;293.159
07 Balears, Illes;Total;Agosto;321.245
07 Balears, Illes;Total;Septiembre;235.135
07 Balears, Illes;Total;Octubre;107.779
07 Balears, Illes;Total;Noviembre;6.453
07 Balears, Illes;Total;Diciembre;6.254
07 Balears, Illes;Residentes en España;Enero;802
07 Balears, Illes;Residentes en España;Febrero;822
07 Balears, Illes;Residentes en España;Marzo;2.337
07 Balears, Illes;Residentes en España;Abril;6.332
07 Balears, Illes;Residentes en España;Mayo;25.007
07 Balears, Illes;Residentes en España;Junio;46.318
07 Balears, Illes;Residentes en España;Julio;45.527
07 Balears, Illes;Residentes en España;Agosto;52.955
07 Balears, Illes;Residentes en España;Septiembre;38.195
07 Balears, Illes;Residentes en España;Octubre;15.026
07 Balears, Illes;Residentes en España;Noviembre;1.822
07 Balears, Illes;Residentes en España;Diciembre;1.960
07 Balears, Illes;No residentes en España;Enero;1.541
07 Balears, Illes;No residentes en España;Febrero;3.936
07 Balears, Illes;No residentes en España;Marzo;7.128
07 Balears, Illes;No residentes en España;Abril;36.870
07 Balears, Illes;No residentes en España;Mayo;147.791
07 Balears, Illes;No residentes en España;Junio;201.808
07 Balears, Illes;No residentes en España;Julio;247.631
07 Balears, Illes;No residentes en España;Agosto;268.290
07 Balears, Illes;No residentes en España;Septiembre;196.939
07 Balears, Illes;No residentes en España;Octubre;92.753
07 Balears, Illes;No residentes en España;Noviembre;4.632
07 Balears, Illes;No residentes en España;Diciembre;4.294
07 Balears, Illes;Unión Europea (sin España);Enero;1.179
07 Balears, Illes;Unión Europea (sin España);Febrero;3.309
07 Balears, Illes;Unión Europea (sin España);Marzo;5.809
07 Balears, Illes;Unión Europea (sin España);Abril;33.738
07 Balears, Illes;Unión Europea (sin España);Mayo;135.954
07 Balears, Illes;Unión Europea (sin España);Junio;184.000
07 Balears, Illes;Unión Europea (sin España);Julio;220.230
07 Balears, Illes;Unión Europea (sin España);Agosto;245.398
07 Balears, Illes;Unión Europea (sin España);Septiembre;179.107
07 Balears, Illes;Unión Europea (sin España);Octubre;84.719
07 Balears, Illes;Unión Europea (sin España);Noviembre;3.732
07 Balears, Illes;Unión Europea (sin España);Diciembre;3.217
07 Balears, Illes;Alemania;Enero;558
07 Balears, Illes;Alemania;Febrero;1.786
07 Balears, Illes;Alemania;Marzo;2.850
07 Balears, Illes;Alemania;Abril;8.656
07 Balears, Illes;Alemania;Mayo;16.982
07 Balears, Illes;Alemania;Junio;24.153
07 Balears, Illes;Alemania;Julio;24.850
07 Balears, Illes;Alemania;Agosto;23.337
07 Balears, Illes;Alemania;Septiembre;22.674
07 Balears, Illes;Alemania;Octubre;12.368
07 Balears, Illes;Alemania;Noviembre;1.952
07 Balears, Illes;Alemania;Diciembre;1.560
07 Balears, Illes;Austria;Enero;59
07 Balears, Illes;Austria;Febrero;49
07 Balears, Illes;Austria;Marzo;152
07 Balears, Illes;Austria;Abril;434
07 Balears, Illes;Austria;Mayo;782
07 Balears, Illes;Austria;Junio;1.214
07 Balears, Illes;Austria;Julio;1.517
07 Balears, Illes;Austria;Agosto;1.309
07 Balears, Illes;Austria;Septiembre;1.340
07 Balears, Illes;Austria;Octubre;558
07 Balears, Illes;Austria;Noviembre;78
07 Balears, Illes;Austria;Diciembre;53
07 Balears, Illes;Bélgica;Enero;..
07 Balears, Illes;Bélgica;Febrero;..
07 Balears, Illes;Bélgica;Marzo;75
07 Balears, Illes;Bélgica;Abril;675
07 Balears, Illes;Bélgica;Mayo;1.469
07 Balears, Illes;Bélgica;Junio;1.485
07 Balears, Illes;Bélgica;Julio;2.067
07 Balears, Illes;Bélgica;Agosto;1.593
07 Balears, Illes;Bélgica;Septiembre;2.022
07 Balears, Illes;Bélgica;Octubre;692
07 Balears, Illes;Bélgica;Noviembre;40
07 Balears, Illes;Bélgica;Diciembre;37
07 Balears, Illes;Dinamarca;Enero;25
07 Balears, Illes;Dinamarca;Febrero;36
07 Balears, Illes;Dinamarca;Marzo;213
07 Balears, Illes;Dinamarca;Abril;1.003
07 Balears, Illes;Dinamarca;Mayo;2.895
07 Balears, Illes;Dinamarca;Junio;5.124
07 Balears, Illes;Dinamarca;Julio;7.673
07 Balears, Illes;Dinamarca;Agosto;5.622
07 Balears, Illes;Dinamarca;Septiembre;4.456
07 Balears, Illes;Dinamarca;Octubre;1.449
07 Balears, Illes;Dinamarca;Noviembre;60
07 Balears, Illes;Dinamarca;Diciembre;26
07 Balears, Illes;Finlandia;Enero;25
07 Balears, Illes;Finlandia;Febrero;77
07 Balears, Illes;Finlandia;Marzo;74
07 Balears, Illes;Finlandia;Abril;332
07 Balears, Illes;Finlandia;Mayo;956
07 Balears, Illes;Finlandia;Junio;1.116
07 Balears, Illes;Finlandia;Julio;1.494
07 Balears, Illes;Finlandia;Agosto;1.030
07 Balears, Illes;Finlandia;Septiembre;1.075
07 Balears, Illes;Finlandia;Octubre;420
07 Balears, Illes;Finlandia;Noviembre;104
07 Balears, Illes;Finlandia;Diciembre;61
07 Balears, Illes;Francia;Enero;39
07 Balears, Illes;Francia;Febrero;97
07 Balears, Illes;Francia;Marzo;200
07 Balears, Illes;Francia;Abril;2.366
07 Balears, Illes;Francia;Mayo;8.918
07 Balears, Illes;Francia;Junio;10.029
07 Balears, Illes;Francia;Julio;15.723
07 Balears, Illes;Francia;Agosto;18.581
07 Balears, Illes;Francia;Septiembre;9.546
07 Balears, Illes;Francia;Octubre;5.073
07 Balears, Illes;Francia;Noviembre;151
07 Balears, Illes;Francia;Diciembre;147
07 Balears, Illes;Grecia;Enero;..
07 Balears, Illes;Grecia;Febrero;..
07 Balears, Illes;Grecia;Marzo;..
07 Balears, Illes;Grecia;Abril;42
07 Balears, Illes;Grecia;Mayo;201
07 Balears, Illes;Grecia;Junio;88
07 Balears, Illes;Grecia;Julio;480
07 Balears, Illes;Grecia;Agosto;547
07 Balears, Illes;Grecia;Septiembre;189
07 Balears, Illes;Grecia;Octubre;53
07 Balears, Illes;Grecia;Noviembre;..
07 Balears, Illes;Grecia;Diciembre;..
07 Balears, Illes;Irlanda;Enero;10
07 Balears, Illes;Irlanda;Febrero;41
07 Balears, Illes;Irlanda;Marzo;27
07 Balears, Illes;Irlanda;Abril;1.468
07 Balears, Illes;Irlanda;Mayo;7.591
07 Balears, Illes;Irlanda;Junio;9.301
07 Balears, Illes;Irlanda;Julio;9.177
07 Balears, Illes;Irlanda;Agosto;9.169
07 Balears, Illes;Irlanda;Septiembre;7.588
07 Balears, Illes;Irlanda;Octubre;4.000
07 Balears, Illes;Irlanda;Noviembre;24
07 Balears, Illes;Irlanda;Diciembre;19
07 Balears, Illes;Italia;Enero;63
07 Balears, Illes;Italia;Febrero;89
07 Balears, Illes;Italia;Marzo;160
07 Balears, Illes;Italia;Abril;1.631
07 Balears, Illes;Italia;Mayo;9.095
07 Balears, Illes;Italia;Junio;17.152
07 Balears, Illes;Italia;Julio;29.376
07 Balears, Illes;Italia;Agosto;34.021
07 Balears, Illes;Italia;Septiembre;19.256
07 Balears, Illes;Italia;Octubre;5.785
07 Balears, Illes;Italia;Noviembre;96
07 Balears, Illes;Italia;Diciembre;157
07 Balears, Illes;Luxemburgo;Enero;..
07 Balears, Illes;Luxemburgo;Febrero;16
07 Balears, Illes;Luxemburgo;Marzo;..
07 Balears, Illes;Luxemburgo;Abril;18
07 Balears, Illes;Luxemburgo;Mayo;161
07 Balears, Illes;Luxemburgo;Junio;579
07 Balears, Illes;Luxemburgo;Julio;142
07 Balears, Illes;Luxemburgo;Agosto;275
07 Balears, Illes;Luxemburgo;Septiembre;193
07 Balears, Illes;Luxemburgo;Octubre;51
07 Balears, Illes;Luxemburgo;Noviembre;..
07 Balears, Illes;Luxemburgo;Diciembre;..
07 Balears, Illes;Países Bajos;Enero;10
07 Balears, Illes;Países Bajos;Febrero;104
07 Balears, Illes;Países Bajos;Marzo;393
07 Balears, Illes;Países Bajos;Abril;1.870
07 Balears, Illes;Países Bajos;Mayo;15.216
07 Balears, Illes;Países Bajos;Junio;14.957
07 Balears, Illes;Países Bajos;Julio;13.587
07 Balears, Illes;Países Bajos;Agosto;16.379
07 Balears, Illes;Países Bajos;Septiembre;12.811
07 Balears, Illes;Países Bajos;Octubre;7.455
07 Balears, Illes;Países Bajos;Noviembre;133
07 Balears, Illes;Países Bajos;Diciembre;108
07 Balears, Illes;Polonia;Enero;90
07 Balears, Illes;Polonia;Febrero;80
07 Balears, Illes;Polonia;Marzo;155
07 Balears, Illes;Polonia;Abril;944
07 Balears, Illes;Polonia;Mayo;1.993
07 Balears, Illes;Polonia;Junio;3.254
07 Balears, Illes;Polonia;Julio;3.503
07 Balears, Illes;Polonia;Agosto;4.216
07 Balears, Illes;Polonia;Septiembre;4.078
07 Balears, Illes;Polonia;Octubre;1.830
07 Balears, Illes;Polonia;Noviembre;90
07 Balears, Illes;Polonia;Diciembre;54
07 Balears, Illes;Portugal;Enero;57
07 Balears, Illes;Portugal;Febrero;32
07 Balears, Illes;Portugal;Marzo;59
07 Balears, Illes;Portugal;Abril;159
07 Balears, Illes;Portugal;Mayo;556
07 Balears, Illes;Portugal;Junio;1.866
07 Balears, Illes;Portugal;Julio;1.890
07 Balears, Illes;Portugal;Agosto;2.355
07 Balears, Illes;Portugal;Septiembre;2.710
07 Balears, Illes;Portugal;Octubre;340
07 Balears, Illes;Portugal;Noviembre;..
07 Balears, Illes;Portugal;Diciembre;..
07 Balears, Illes;Reino Unido;Enero;170
07 Balears, Illes;Reino Unido;Febrero;724
07 Balears, Illes;Reino Unido;Marzo;1.096
07 Balears, Illes;Reino Unido;Abril;12.592
07 Balears, Illes;Reino Unido;Mayo;60.722
07 Balears, Illes;Reino Unido;Junio;81.774
07 Balears, Illes;Reino Unido;Julio;95.701
07 Balears, Illes;Reino Unido;Agosto;112.775
07 Balears, Illes;Reino Unido;Septiembre;78.610
07 Balears, Illes;Reino Unido;Octubre;38.899
07 Balears, Illes;Reino Unido;Noviembre;860
07 Balears, Illes;Reino Unido;Diciembre;818
07 Balears, Illes;Republica Checa;Enero;36
07 Balears, Illes;Republica Checa;Febrero;..
07 Balears, Illes;Republica Checa;Marzo;108
07 Balears, Illes;Republica Checa;Abril;206
07 Balears, Illes;Republica Checa;Mayo;516
07 Balears, Illes;Republica Checa;Junio;1.159
07 Balears, Illes;Republica Checa;Julio;1.099
07 Balears, Illes;Republica Checa;Agosto;1.032
07 Balears, Illes;Republica Checa;Septiembre;1.177
07 Balears, Illes;Republica Checa;Octubre;505
07 Balears, Illes;Republica Checa;Noviembre;..
07 Balears, Illes;Republica Checa;Diciembre;41
07 Balears, Illes;Suecia;Enero;..
07 Balears, Illes;Suecia;Febrero;132
07 Balears, Illes;Suecia;Marzo;139
07 Balears, Illes;Suecia;Abril;899
07 Balears, Illes;Suecia;Mayo;5.052
07 Balears, Illes;Suecia;Junio;8.096
07 Balears, Illes;Suecia;Julio;9.247
07 Balears, Illes;Suecia;Agosto;8.092
07 Balears, Illes;Suecia;Septiembre;7.483
07 Balears, Illes;Suecia;Octubre;2.666
07 Balears, Illes;Suecia;Noviembre;70
07 Balears, Illes;Suecia;Diciembre;..
07 Balears, Illes;Resto de la UE;Enero;..
07 Balears, Illes;Resto de la UE;Febrero;..
07 Balears, Illes;Resto de la UE;Marzo;110
07 Balears, Illes;Resto de la UE;Abril;444
07 Balears, Illes;Resto de la UE;Mayo;2.848
07 Balears, Illes;Resto de la UE;Junio;2.655
07 Balears, Illes;Resto de la UE;Julio;2.705
07 Balears, Illes;Resto de la UE;Agosto;5.064
07 Balears, Illes;Resto de la UE;Septiembre;3.898
07 Balears, Illes;Resto de la UE;Octubre;2.576
07 Balears, Illes;Resto de la UE;Noviembre;45
07 Balears, Illes;Resto de la UE;Diciembre;66
07 Balears, Illes;Noruega;Enero;54
07 Balears, Illes;Noruega;Febrero;97
07 Balears, Illes;Noruega;Marzo;110
07 Balears, Illes;Noruega;Abril;311
07 Balears, Illes;Noruega;Mayo;1.991
07 Balears, Illes;Noruega;Junio;2.867
07 Balears, Illes;Noruega;Julio;4.641
07 Balears, Illes;Noruega;Agosto;2.103
07 Balears, Illes;Noruega;Septiembre;2.083
07 Balears, Illes;Noruega;Octubre;1.113
07 Balears, Illes;Noruega;Noviembre;64
07 Balears, Illes;Noruega;Diciembre;22
07 Balears, Illes;Rusia;Enero;45
07 Balears, Illes;Rusia;Febrero;..
07 Balears, Illes;Rusia;Marzo;..
07 Balears, Illes;Rusia;Abril;109
07 Balears, Illes;Rusia;Mayo;1.736
07 Balears, Illes;Rusia;Junio;2.411
07 Balears, Illes;Rusia;Julio;2.406
07 Balears, Illes;Rusia;Agosto;2.678
07 Balears, Illes;Rusia;Septiembre;2.882
07 Balears, Illes;Rusia;Octubre;1.213
07 Balears, Illes;Rusia;Noviembre;42
07 Balears, Illes;Rusia;Diciembre;45
07 Balears, Illes;Suiza;Enero;21
07 Balears, Illes;Suiza;Febrero;81
07 Balears, Illes;Suiza;Marzo;461
07 Balears, Illes;Suiza;Abril;886
07 Balears, Illes;Suiza;Mayo;1.290
07 Balears, Illes;Suiza;Junio;2.118
07 Balears, Illes;Suiza;Julio;3.869
07 Balears, Illes;Suiza;Agosto;2.257
07 Balears, Illes;Suiza;Septiembre;2.159
07 Balears, Illes;Suiza;Octubre;1.125
07 Balears, Illes;Suiza;Noviembre;158
07 Balears, Illes;Suiza;Diciembre;116
07 Balears, Illes;Resto de Europa;Enero;..
07 Balears, Illes;Resto de Europa;Febrero;..
07 Balears, Illes;Resto de Europa;Marzo;34
07 Balears, Illes;Resto de Europa;Abril;270
07 Balears, Illes;Resto de Europa;Mayo;1.352
07 Balears, Illes;Resto de Europa;Junio;1.323
07 Balears, Illes;Resto de Europa;Julio;4.040
07 Balears, Illes;Resto de Europa;Agosto;2.018
07 Balears, Illes;Resto de Europa;Septiembre;2.302
07 Balears, Illes;Resto de Europa;Octubre;874
07 Balears, Illes;Resto de Europa;Noviembre;48
07 Balears, Illes;Resto de Europa;Diciembre;59
07 Balears, Illes;Estados Unidos;Enero;83
07 Balears, Illes;Estados Unidos;Febrero;160
07 Balears, Illes;Estados Unidos;Marzo;98
07 Balears, Illes;Estados Unidos;Abril;514
07 Balears, Illes;Estados Unidos;Mayo;1.739
07 Balears, Illes;Estados Unidos;Junio;2.363
07 Balears, Illes;Estados Unidos;Julio;2.344
07 Balears, Illes;Estados Unidos;Agosto;2.600
07 Balears, Illes;Estados Unidos;Septiembre;2.576
07 Balears, Illes;Estados Unidos;Octubre;881
07 Balears, Illes;Estados Unidos;Noviembre;139
07 Balears, Illes;Estados Unidos;Diciembre;251
07 Balears, Illes;Resto de América;Enero;46
07 Balears, Illes;Resto de América;Febrero;81
07 Balears, Illes;Resto de América;Marzo;220
07 Balears, Illes;Resto de América;Abril;383
07 Balears, Illes;Resto de América;Mayo;1.545
07 Balears, Illes;Resto de América;Junio;2.643
07 Balears, Illes;Resto de América;Julio;2.864
07 Balears, Illes;Resto de América;Agosto;3.494
07 Balears, Illes;Resto de América;Septiembre;2.256
07 Balears, Illes;Resto de América;Octubre;978
07 Balears, Illes;Resto de América;Noviembre;172
07 Balears, Illes;Resto de América;Diciembre;133
07 Balears, Illes;Países Africanos;Enero;14
07 Balears, Illes;Países Africanos;Febrero;28
07 Balears, Illes;Países Africanos;Marzo;88
07 Balears, Illes;Países Africanos;Abril;60
07 Balears, Illes;Países Africanos;Mayo;170
07 Balears, Illes;Países Africanos;Junio;400
07 Balears, Illes;Países Africanos;Julio;794
07 Balears, Illes;Países Africanos;Agosto;920
07 Balears, Illes;Países Africanos;Septiembre;597
07 Balears, Illes;Países Africanos;Octubre;681
07 Balears, Illes;Países Africanos;Noviembre;55
07 Balears, Illes;Países Africanos;Diciembre;37
07 Balears, Illes;Resto del mundo;Enero;74
07 Balears, Illes;Resto del mundo;Febrero;163
07 Balears, Illes;Resto del mundo;Marzo;279
07 Balears, Illes;Resto del mundo;Abril;600
07 Balears, Illes;Resto del mundo;Mayo;2.012
07 Balears, Illes;Resto del mundo;Junio;3.682
07 Balears, Illes;Resto del mundo;Julio;6.443
07 Balears, Illes;Resto del mundo;Agosto;6.822
07 Balears, Illes;Resto del mundo;Septiembre;2.977
07 Balears, Illes;Resto del mundo;Octubre;1.169
07 Balears, Illes;Resto del mundo;Noviembre;221
07 Balears, Illes;Resto del mundo;Diciembre;413
08 Barcelona;Total;Enero;19.448
08 Barcelona;Total;Febrero;22.257
08 Barcelona;Total;Marzo;27.918
08 Barcelona;Total;Abril;32.283
08 Barcelona;Total;Mayo;32.092
08 Barcelona;Total;Junio;36.380
08 Barcelona;Total;Julio;39.802
08 Barcelona;Total;Agosto;37.352
08 Barcelona;Total;Septiembre;38.852
08 Barcelona;Total;Octubre;33.144
08 Barcelona;Total;Noviembre;23.412
08 Barcelona;Total;Diciembre;25.132
08 Barcelona;Residentes en España;Enero;6.289
08 Barcelona;Residentes en España;Febrero;6.456
08 Barcelona;Residentes en España;Marzo;9.160
08 Barcelona;Residentes en España;Abril;7.824
08 Barcelona;Residentes en España;Mayo;7.943
08 Barcelona;Residentes en España;Junio;8.882
08 Barcelona;Residentes en España;Julio;9.058
08 Barcelona;Residentes en España;Agosto;7.922
08 Barcelona;Residentes en España;Septiembre;11.144
08 Barcelona;Residentes en España;Octubre;8.965
08 Barcelona;Residentes en España;Noviembre;7.669
08 Barcelona;Residentes en España;Diciembre;8.321
08 Barcelona;No residentes en España;Enero;13.159
08 Barcelona;No residentes en España;Febrero;15.801
08 Barcelona;No residentes en España;Marzo;18.758
08 Barcelona;No residentes en España;Abril;24.460
08 Barcelona;No residentes en España;Mayo;24.149
08 Barcelona;No residentes en España;Junio;27.498
08 Barcelona;No residentes en España;Julio;30.744
08 Barcelona;No residentes en España;Agosto;29.430
08 Barcelona;No residentes en España;Septiembre;27.708
08 Barcelona;No residentes en España;Octubre;24.179
08 Barcelona;No residentes en España;Noviembre;15.743
08 Barcelona;No residentes en España;Diciembre;16.811
08 Barcelona;Unión Europea (sin España);Enero;6.110
08 Barcelona;Unión Europea (sin España);Febrero;9.375
08 Barcelona;Unión Europea (sin España);Marzo;10.198
08 Barcelona;Unión Europea (sin España);Abril;14.913
08 Barcelona;Unión Europea (sin España);Mayo;13.857
08 Barcelona;Unión Europea (sin España);Junio;12.992
08 Barcelona;Unión Europea (sin España);Julio;16.132
08 Barcelona;Unión Europea (sin España);Agosto;18.183
08 Barcelona;Unión Europea (sin España);Septiembre;14.955
08 Barcelona;Unión Europea (sin España);Octubre;13.771
08 Barcelona;Unión Europea (sin España);Noviembre;9.121
08 Barcelona;Unión Europea (sin España);Diciembre;9.411
08 Barcelona;Alemania;Enero;707
08 Barcelona;Alemania;Febrero;654
08 Barcelona;Alemania;Marzo;1.091
08 Barcelona;Alemania;Abril;1.777
08 Barcelona;Alemania;Mayo;1.386
08 Barcelona;Alemania;Junio;1.792
08 Barcelona;Alemania;Julio;1.559
08 Barcelona;Alemania;Agosto;1.472
08 Barcelona;Alemania;Septiembre;1.600
08 Barcelona;Alemania;Octubre;1.729
08 Barcelona;Alemania;Noviembre;840
08 Barcelona;Alemania;Diciembre;897
08 Barcelona;Austria;Enero;90
08 Barcelona;Austria;Febrero;152
08 Barcelona;Austria;Marzo;299
08 Barcelona;Austria;Abril;190
08 Barcelona;Austria;Mayo;131
08 Barcelona;Austria;Junio;193
08 Barcelona;Austria;Julio;279
08 Barcelona;Austria;Agosto;326
08 Barcelona;Austria;Septiembre;214
08 Barcelona;Austria;Octubre;276
08 Barcelona;Austria;Noviembre;77
08 Barcelona;Austria;Diciembre;115
08 Barcelona;Bélgica;Enero;227
08 Barcelona;Bélgica;Febrero;149
08 Barcelona;Bélgica;Marzo;348
08 Barcelona;Bélgica;Abril;346
08 Barcelona;Bélgica;Mayo;225
08 Barcelona;Bélgica;Junio;273
08 Barcelona;Bélgica;Julio;533
08 Barcelona;Bélgica;Agosto;562
08 Barcelona;Bélgica;Septiembre;719
08 Barcelona;Bélgica;Octubre;209
08 Barcelona;Bélgica;Noviembre;254
08 Barcelona;Bélgica;Diciembre;200
08 Barcelona;Dinamarca;Enero;92
08 Barcelona;Dinamarca;Febrero;83
08 Barcelona;Dinamarca;Marzo;188
08 Barcelona;Dinamarca;Abril;232
08 Barcelona;Dinamarca;Mayo;130
08 Barcelona;Dinamarca;Junio;152
08 Barcelona;Dinamarca;Julio;727
08 Barcelona;Dinamarca;Agosto;228
08 Barcelona;Dinamarca;Septiembre;234
08 Barcelona;Dinamarca;Octubre;172
08 Barcelona;Dinamarca;Noviembre;222
08 Barcelona;Dinamarca;Diciembre;72
08 Barcelona;Finlandia;Enero;45
08 Barcelona;Finlandia;Febrero;98
08 Barcelona;Finlandia;Marzo;151
08 Barcelona;Finlandia;Abril;108
08 Barcelona;Finlandia;Mayo;128
08 Barcelona;Finlandia;Junio;234
08 Barcelona;Finlandia;Julio;225
08 Barcelona;Finlandia;Agosto;96
08 Barcelona;Finlandia;Septiembre;78
08 Barcelona;Finlandia;Octubre;192
08 Barcelona;Finlandia;Noviembre;142
08 Barcelona;Finlandia;Diciembre;24
08 Barcelona;Francia;Enero;1.084
08 Barcelona;Francia;Febrero;2.463
08 Barcelona;Francia;Marzo;1.990
08 Barcelona;Francia;Abril;3.903
08 Barcelona;Francia;Mayo;..
08 Barcelona;Francia;Junio;2.479
08 Barcelona;Francia;Julio;3.431
08 Barcelona;Francia;Agosto;5.958
08 Barcelona;Francia;Septiembre;2.536
08 Barcelona;Francia;Octubre;3.056
08 Barcelona;Francia;Noviembre;..
08 Barcelona;Francia;Diciembre;3.363
08 Barcelona;Grecia;Enero;..
08 Barcelona;Grecia;Febrero;..
08 Barcelona;Grecia;Marzo;..
08 Barcelona;Grecia;Abril;100
08 Barcelona;Grecia;Mayo;122
08 Barcelona;Grecia;Junio;55
08 Barcelona;Grecia;Julio;72
08 Barcelona;Grecia;Agosto;67
08 Barcelona;Grecia;Septiembre;106
08 Barcelona;Grecia;Octubre;65
08 Barcelona;Grecia;Noviembre;..
08 Barcelona;Grecia;Diciembre;..
08 Barcelona;Irlanda;Enero;158
08 Barcelona;Irlanda;Febrero;291
08 Barcelona;Irlanda;Marzo;136
08 Barcelona;Irlanda;Abril;331
08 Barcelona;Irlanda;Mayo;381
08 Barcelona;Irlanda;Junio;184
08 Barcelona;Irlanda;Julio;272
08 Barcelona;Irlanda;Agosto;209
08 Barcelona;Irlanda;Septiembre;216
08 Barcelona;Irlanda;Octubre;355
08 Barcelona;Irlanda;Noviembre;180
08 Barcelona;Irlanda;Diciembre;81
08 Barcelona;Italia;Enero;1.180
08 Barcelona;Italia;Febrero;1.245
08 Barcelona;Italia;Marzo;1.845
08 Barcelona;Italia;Abril;1.928
08 Barcelona;Italia;Mayo;2.159
08 Barcelona;Italia;Junio;1.938
08 Barcelona;Italia;Julio;2.373
08 Barcelona;Italia;Agosto;3.241
08 Barcelona;Italia;Septiembre;2.848
08 Barcelona;Italia;Octubre;1.519
08 Barcelona;Italia;Noviembre;1.143
08 Barcelona;Italia;Diciembre;1.999
08 Barcelona;Luxemburgo;Enero;..
08 Barcelona;Luxemburgo;Febrero;..
08 Barcelona;Luxemburgo;Marzo;..
08 Barcelona;Luxemburgo;Abril;32
08 Barcelona;Luxemburgo;Mayo;..
08 Barcelona;Luxemburgo;Junio;31
08 Barcelona;Luxemburgo;Julio;14
08 Barcelona;Luxemburgo;Agosto;27
08 Barcelona;Luxemburgo;Septiembre;58
08 Barcelona;Luxemburgo;Octubre;16
08 Barcelona;Luxemburgo;Noviembre;40
08 Barcelona;Luxemburgo;Diciembre;..
08 Barcelona;Países Bajos;Enero;301
08 Barcelona;Países Bajos;Febrero;323
08 Barcelona;Países Bajos;Marzo;480
08 Barcelona;Países Bajos;Abril;664
08 Barcelona;Países Bajos;Mayo;652
08 Barcelona;Países Bajos;Junio;..
08 Barcelona;Países Bajos;Julio;..
08 Barcelona;Países Bajos;Agosto;1.055
08 Barcelona;Países Bajos;Septiembre;589
08 Barcelona;Países Bajos;Octubre;887
08 Barcelona;Países Bajos;Noviembre;429
08 Barcelona;Países Bajos;Diciembre;358
08 Barcelona;Polonia;Enero;212
08 Barcelona;Polonia;Febrero;523
08 Barcelona;Polonia;Marzo;362
08 Barcelona;Polonia;Abril;315
08 Barcelona;Polonia;Mayo;491
08 Barcelona;Polonia;Junio;413
08 Barcelona;Polonia;Julio;448
08 Barcelona;Polonia;Agosto;319
08 Barcelona;Polonia;Septiembre;304
08 Barcelona;Polonia;Octubre;428
08 Barcelona;Polonia;Noviembre;678
08 Barcelona;Polonia;Diciembre;233
08 Barcelona;Portugal;Enero;302
08 Barcelona;Portugal;Febrero;437
08 Barcelona;Portugal;Marzo;264
08 Barcelona;Portugal;Abril;529
08 Barcelona;Portugal;Mayo;399
08 Barcelona;Portugal;Junio;342
08 Barcelona;Portugal;Julio;471
08 Barcelona;Portugal;Agosto;394
08 Barcelona;Portugal;Septiembre;407
08 Barcelona;Portugal;Octubre;333
08 Barcelona;Portugal;Noviembre;210
08 Barcelona;Portugal;Diciembre;300
08 Barcelona;Reino Unido;Enero;1.090
08 Barcelona;Reino Unido;Febrero;1.790
08 Barcelona;Reino Unido;Marzo;2.276
08 Barcelona;Reino Unido;Abril;3.507
08 Barcelona;Reino Unido;Mayo;3.413
08 Barcelona;Reino Unido;Junio;..
08 Barcelona;Reino Unido;Julio;3.270
08 Barcelona;Reino Unido;Agosto;..
08 Barcelona;Reino Unido;Septiembre;3.788
08 Barcelona;Reino Unido;Octubre;2.820
08 Barcelona;Reino Unido;Noviembre;1.845
08 Barcelona;Reino Unido;Diciembre;1.065
08 Barcelona;Republica Checa;Enero;66
08 Barcelona;Republica Checa;Febrero;188
08 Barcelona;Republica Checa;Marzo;102
08 Barcelona;Republica Checa;Abril;187
08 Barcelona;Republica Checa;Mayo;101
08 Barcelona;Republica Checa;Junio;230
08 Barcelona;Republica Checa;Julio;82
08 Barcelona;Republica Checa;Agosto;74
08 Barcelona;Republica Checa;Septiembre;209
08 Barcelona;Republica Checa;Octubre;136
08 Barcelona;Republica Checa;Noviembre;321
08 Barcelona;Republica Checa;Diciembre;28
08 Barcelona;Suecia;Enero;121
08 Barcelona;Suecia;Febrero;206
08 Barcelona;Suecia;Marzo;171
08 Barcelona;Suecia;Abril;264
08 Barcelona;Suecia;Mayo;598
08 Barcelona;Suecia;Junio;347
08 Barcelona;Suecia;Julio;824
08 Barcelona;Suecia;Agosto;331
08 Barcelona;Suecia;Septiembre;427
08 Barcelona;Suecia;Octubre;557
08 Barcelona;Suecia;Noviembre;239
08 Barcelona;Suecia;Diciembre;105
08 Barcelona;Resto de la UE;Enero;394
08 Barcelona;Resto de la UE;Febrero;679
08 Barcelona;Resto de la UE;Marzo;390
08 Barcelona;Resto de la UE;Abril;500
08 Barcelona;Resto de la UE;Mayo;817
08 Barcelona;Resto de la UE;Junio;602
08 Barcelona;Resto de la UE;Julio;..
08 Barcelona;Resto de la UE;Agosto;..
08 Barcelona;Resto de la UE;Septiembre;621
08 Barcelona;Resto de la UE;Octubre;1.022
08 Barcelona;Resto de la UE;Noviembre;737
08 Barcelona;Resto de la UE;Diciembre;517
08 Barcelona;Noruega;Enero;52
08 Barcelona;Noruega;Febrero;92
08 Barcelona;Noruega;Marzo;200
08 Barcelona;Noruega;Abril;208
08 Barcelona;Noruega;Mayo;246
08 Barcelona;Noruega;Junio;384
08 Barcelona;Noruega;Julio;670
08 Barcelona;Noruega;Agosto;158
08 Barcelona;Noruega;Septiembre;157
08 Barcelona;Noruega;Octubre;276
08 Barcelona;Noruega;Noviembre;352
08 Barcelona;Noruega;Diciembre;24
08 Barcelona;Rusia;Enero;767
08 Barcelona;Rusia;Febrero;491
08 Barcelona;Rusia;Marzo;745
08 Barcelona;Rusia;Abril;611
08 Barcelona;Rusia;Mayo;753
08 Barcelona;Rusia;Junio;1.019
08 Barcelona;Rusia;Julio;888
08 Barcelona;Rusia;Agosto;1.305
08 Barcelona;Rusia;Septiembre;947
08 Barcelona;Rusia;Octubre;1.121
08 Barcelona;Rusia;Noviembre;643
08 Barcelona;Rusia;Diciembre;426
08 Barcelona;Suiza;Enero;196
08 Barcelona;Suiza;Febrero;175
08 Barcelona;Suiza;Marzo;201
08 Barcelona;Suiza;Abril;494
08 Barcelona;Suiza;Mayo;385
08 Barcelona;Suiza;Junio;827
08 Barcelona;Suiza;Julio;532
08 Barcelona;Suiza;Agosto;315
08 Barcelona;Suiza;Septiembre;548
08 Barcelona;Suiza;Octubre;676
08 Barcelona;Suiza;Noviembre;247
08 Barcelona;Suiza;Diciembre;464
08 Barcelona;Resto de Europa;Enero;476
08 Barcelona;Resto de Europa;Febrero;391
08 Barcelona;Resto de Europa;Marzo;489
08 Barcelona;Resto de Europa;Abril;759
08 Barcelona;Resto de Europa;Mayo;718
08 Barcelona;Resto de Europa;Junio;783
08 Barcelona;Resto de Europa;Julio;524
08 Barcelona;Resto de Europa;Agosto;404
08 Barcelona;Resto de Europa;Septiembre;826
08 Barcelona;Resto de Europa;Octubre;901
08 Barcelona;Resto de Europa;Noviembre;594
08 Barcelona;Resto de Europa;Diciembre;430
08 Barcelona;Estados Unidos;Enero;765
08 Barcelona;Estados Unidos;Febrero;680
08 Barcelona;Estados Unidos;Marzo;2.236
08 Barcelona;Estados Unidos;Abril;1.686
08 Barcelona;Estados Unidos;Mayo;2.885
08 Barcelona;Estados Unidos;Junio;4.243
08 Barcelona;Estados Unidos;Julio;3.427
08 Barcelona;Estados Unidos;Agosto;2.562
08 Barcelona;Estados Unidos;Septiembre;2.256
08 Barcelona;Estados Unidos;Octubre;1.926
08 Barcelona;Estados Unidos;Noviembre;1.253
08 Barcelona;Estados Unidos;Diciembre;1.348
08 Barcelona;Resto de América;Enero;1.337
08 Barcelona;Resto de América;Febrero;1.239
08 Barcelona;Resto de América;Marzo;1.575
08 Barcelona;Resto de América;Abril;1.614
08 Barcelona;Resto de América;Mayo;1.926
08 Barcelona;Resto de América;Junio;2.095
08 Barcelona;Resto de América;Julio;3.092
08 Barcelona;Resto de América;Agosto;1.846
08 Barcelona;Resto de América;Septiembre;2.530
08 Barcelona;Resto de América;Octubre;1.855
08 Barcelona;Resto de América;Noviembre;1.225
08 Barcelona;Resto de América;Diciembre;1.475
08 Barcelona;Países Africanos;Enero;617
08 Barcelona;Países Africanos;Febrero;457
08 Barcelona;Países Africanos;Marzo;511
08 Barcelona;Países Africanos;Abril;951
08 Barcelona;Países Africanos;Mayo;354
08 Barcelona;Países Africanos;Junio;800
08 Barcelona;Países Africanos;Julio;1.105
08 Barcelona;Países Africanos;Agosto;1.194
08 Barcelona;Países Africanos;Septiembre;846
08 Barcelona;Países Africanos;Octubre;639
08 Barcelona;Países Africanos;Noviembre;339
08 Barcelona;Países Africanos;Diciembre;482
08 Barcelona;Resto del mundo;Enero;2.839
08 Barcelona;Resto del mundo;Febrero;2.902
08 Barcelona;Resto del mundo;Marzo;2.603
08 Barcelona;Resto del mundo;Abril;3.225
08 Barcelona;Resto del mundo;Mayo;3.025
08 Barcelona;Resto del mundo;Junio;4.354
08 Barcelona;Resto del mundo;Julio;4.374
08 Barcelona;Resto del mundo;Agosto;3.463
08 Barcelona;Resto del mundo;Septiembre;4.642
08 Barcelona;Resto del mundo;Octubre;3.014
08 Barcelona;Resto del mundo;Noviembre;1.969
08 Barcelona;Resto del mundo;Diciembre;2.752
17 Girona;Total;Enero;4.869
17 Girona;Total;Febrero;6.602
17 Girona;Total;Marzo;9.544
17 Girona;Total;Abril;23.901
17 Girona;Total;Mayo;27.513
17 Girona;Total;Junio;49.708
17 Girona;Total;Julio;75.486
17 Girona;Total;Agosto;103.336
17 Girona;Total;Septiembre;47.834
17 Girona;Total;Octubre;15.138
17 Girona;Total;Noviembre;6.234
17 Girona;Total;Diciembre;8.233
17 Girona;Residentes en España;Enero;3.301
17 Girona;Residentes en España;Febrero;4.327
17 Girona;Residentes en España;Marzo;6.288
17 Girona;Residentes en España;Abril;15.662
17 Girona;Residentes en España;Mayo;9.665
17 Girona;Residentes en España;Junio;22.277
17 Girona;Residentes en España;Julio;21.302
17 Girona;Residentes en España;Agosto;40.182
17 Girona;Residentes en España;Septiembre;18.896
17 Girona;Residentes en España;Octubre;7.439
17 Girona;Residentes en España;Noviembre;5.080
17 Girona;Residentes en España;Diciembre;5.731
17 Girona;No residentes en España;Enero;1.568
17 Girona;No residentes en España;Febrero;2.274
17 Girona;No residentes en España;Marzo;3.256
17 Girona;No residentes en España;Abril;8.239
17 Girona;No residentes en España;Mayo;17.848
17 Girona;No residentes en España;Junio;27.431
17 Girona;No residentes en España;Julio;54.184
17 Girona;No residentes en España;Agosto;63.154
17 Girona;No residentes en España;Septiembre;28.938
17 Girona;No residentes en España;Octubre;7.699
17 Girona;No residentes en España;Noviembre;1.154
17 Girona;No residentes en España;Diciembre;2.502
17 Girona;Unión Europea (sin España);Enero;1.299
17 Girona;Unión Europea (sin España);Febrero;1.824
17 Girona;Unión Europea (sin España);Marzo;2.887
17 Girona;Unión Europea (sin España);Abril;7.488
17 Girona;Unión Europea (sin España);Mayo;15.868
17 Girona;Unión Europea (sin España);Junio;23.109
17 Girona;Unión Europea (sin España);Julio;48.096
17 Girona;Unión Europea (sin España);Agosto;58.920
17 Girona;Unión Europea (sin España);Septiembre;24.028
17 Girona;Unión Europea (sin España);Octubre;6.533
17 Girona;Unión Europea (sin España);Noviembre;716
17 Girona;Unión Europea (sin España);Diciembre;1.817
17 Girona;Alemania;Enero;331
17 Girona;Alemania;Febrero;178
17 Girona;Alemania;Marzo;504
17 Girona;Alemania;Abril;438
17 Girona;Alemania;Mayo;1.154
17 Girona;Alemania;Junio;3.902
17 Girona;Alemania;Julio;4.782
17 Girona;Alemania;Agosto;4.052
17 Girona;Alemania;Septiembre;3.084
17 Girona;Alemania;Octubre;883
17 Girona;Alemania;Noviembre;53
17 Girona;Alemania;Diciembre;255
17 Girona;Austria;Enero;..
17 Girona;Austria;Febrero;20
17 Girona;Austria;Marzo;24
17 Girona;Austria;Abril;..
17 Girona;Austria;Mayo;..
17 Girona;Austria;Junio;45
17 Girona;Austria;Julio;114
17 Girona;Austria;Agosto;66
17 Girona;Austria;Septiembre;..
17 Girona;Austria;Octubre;..
17 Girona;Austria;Noviembre;..
17 Girona;Austria;Diciembre;..
17 Girona;Bélgica;Enero;..
17 Girona;Bélgica;Febrero;..
17 Girona;Bélgica;Marzo;33
17 Girona;Bélgica;Abril;266
17 Girona;Bélgica;Mayo;625
17 Girona;Bélgica;Junio;1.027
17 Girona;Bélgica;Julio;2.883
17 Girona;Bélgica;Agosto;1.978
17 Girona;Bélgica;Septiembre;1.194
17 Girona;Bélgica;Octubre;148
17 Girona;Bélgica;Noviembre;18
17 Girona;Bélgica;Diciembre;28
17 Girona;Dinamarca;Enero;..
17 Girona;Dinamarca;Febrero;..
17 Girona;Dinamarca;Marzo;..
17 Girona;Dinamarca;Abril;..
17 Girona;Dinamarca;Mayo;132
17 Girona;Dinamarca;Junio;70
17 Girona;Dinamarca;Julio;667
17 Girona;Dinamarca;Agosto;..
17 Girona;Dinamarca;Septiembre;124
17 Girona;Dinamarca;Octubre;49
17 Girona;Dinamarca;Noviembre;..
17 Girona;Dinamarca;Diciembre;..
17 Girona;Finlandia;Enero;..
17 Girona;Finlandia;Febrero;..
17 Girona;Finlandia;Marzo;45
17 Girona;Finlandia;Abril;38
17 Girona;Finlandia;Mayo;17
17 Girona;Finlandia;Junio;46
17 Girona;Finlandia;Julio;58
17 Girona;Finlandia;Agosto;..
17 Girona;Finlandia;Septiembre;103
17 Girona;Finlandia;Octubre;..
17 Girona;Finlandia;Noviembre;..
17 Girona;Finlandia;Diciembre;..
17 Girona;Francia;Enero;545
17 Girona;Francia;Febrero;940
17 Girona;Francia;Marzo;1.834
17 Girona;Francia;Abril;4.916
17 Girona;Francia;Mayo;7.888
17 Girona;Francia;Junio;10.285
17 Girona;Francia;Julio;22.806
17 Girona;Francia;Agosto;37.614
17 Girona;Francia;Septiembre;9.363
17 Girona;Francia;Octubre;2.414
17 Girona;Francia;Noviembre;424
17 Girona;Francia;Diciembre;1.271
17 Girona;Grecia;Enero;..
17 Girona;Grecia;Febrero;..
17 Girona;Grecia;Marzo;..
17 Girona;Grecia;Abril;..
17 Girona;Grecia;Mayo;..
17 Girona;Grecia;Junio;..
17 Girona;Grecia;Julio;..
17 Girona;Grecia;Agosto;..
17 Girona;Grecia;Septiembre;..
17 Girona;Grecia;Octubre;..
17 Girona;Grecia;Noviembre;..
17 Girona;Grecia;Diciembre;..
17 Girona;Irlanda;Enero;..
17 Girona;Irlanda;Febrero;27
17 Girona;Irlanda;Marzo;..
17 Girona;Irlanda;Abril;71
17 Girona;Irlanda;Mayo;210
17 Girona;Irlanda;Junio;431
17 Girona;Irlanda;Julio;414
17 Girona;Irlanda;Agosto;373
17 Girona;Irlanda;Septiembre;612
17 Girona;Irlanda;Octubre;47
17 Girona;Irlanda;Noviembre;..
17 Girona;Irlanda;Diciembre;..
17 Girona;Italia;Enero;20
17 Girona;Italia;Febrero;91
17 Girona;Italia;Marzo;40
17 Girona;Italia;Abril;197
17 Girona;Italia;Mayo;386
17 Girona;Italia;Junio;568
17 Girona;Italia;Julio;2.768
17 Girona;Italia;Agosto;4.799
17 Girona;Italia;Septiembre;1.567
17 Girona;Italia;Octubre;141
17 Girona;Italia;Noviembre;25
17 Girona;Italia;Diciembre;30
17 Girona;Luxemburgo;Enero;..
17 Girona;Luxemburgo;Febrero;..
17 Girona;Luxemburgo;Marzo;..
17 Girona;Luxemburgo;Abril;..
17 Girona;Luxemburgo;Mayo;..
17 Girona;Luxemburgo;Junio;..
17 Girona;Luxemburgo;Julio;..
17 Girona;Luxemburgo;Agosto;..
17 Girona;Luxemburgo;Septiembre;..
17 Girona;Luxemburgo;Octubre;..
17 Girona;Luxemburgo;Noviembre;..
17 Girona;Luxemburgo;Diciembre;..
17 Girona;Países Bajos;Enero;20
17 Girona;Países Bajos;Febrero;98
17 Girona;Países Bajos;Marzo;53
17 Girona;Países Bajos;Abril;500
17 Girona;Países Bajos;Mayo;2.013
17 Girona;Países Bajos;Junio;1.515
17 Girona;Países Bajos;Julio;9.919
17 Girona;Países Bajos;Agosto;4.701
17 Girona;Países Bajos;Septiembre;1.905
17 Girona;Países Bajos;Octubre;1.066
17 Girona;Países Bajos;Noviembre;24
17 Girona;Países Bajos;Diciembre;22
17 Girona;Polonia;Enero;50
17 Girona;Polonia;Febrero;72
17 Girona;Polonia;Marzo;63
17 Girona;Polonia;Abril;91
17 Girona;Polonia;Mayo;504
17 Girona;Polonia;Junio;558
17 Girona;Polonia;Julio;390
17 Girona;Polonia;Agosto;417
17 Girona;Polonia;Septiembre;775
17 Girona;Polonia;Octubre;136
17 Girona;Polonia;Noviembre;38
17 Girona;Polonia;Diciembre;84
17 Girona;Portugal;Enero;21
17 Girona;Portugal;Febrero;35
17 Girona;Portugal;Marzo;34
17 Girona;Portugal;Abril;..
17 Girona;Portugal;Mayo;..
17 Girona;Portugal;Junio;..
17 Girona;Portugal;Julio;..
17 Girona;Portugal;Agosto;..
17 Girona;Portugal;Septiembre;..
17 Girona;Portugal;Octubre;..
17 Girona;Portugal;Noviembre;24
17 Girona;Portugal;Diciembre;39
17 Girona;Reino Unido;Enero;73
17 Girona;Reino Unido;Febrero;197
17 Girona;Reino Unido;Marzo;136
17 Girona;Reino Unido;Abril;430
17 Girona;Reino Unido;Mayo;2.084
17 Girona;Reino Unido;Junio;3.343
17 Girona;Reino Unido;Julio;1.735
17 Girona;Reino Unido;Agosto;2.724
17 Girona;Reino Unido;Septiembre;4.022
17 Girona;Reino Unido;Octubre;1.347
17 Girona;Reino Unido;Noviembre;96
17 Girona;Reino Unido;Diciembre;37
17 Girona;Republica Checa;Enero;..
17 Girona;Republica Checa;Febrero;20
17 Girona;Republica Checa;Marzo;23
17 Girona;Republica Checa;Abril;..
17 Girona;Republica Checa;Mayo;31
17 Girona;Republica Checa;Junio;163
17 Girona;Republica Checa;Julio;82
17 Girona;Republica Checa;Agosto;61
17 Girona;Republica Checa;Septiembre;191
17 Girona;Republica Checa;Octubre;..
17 Girona;Republica Checa;Noviembre;..
17 Girona;Republica Checa;Diciembre;11
17 Girona;Suecia;Enero;..
17 Girona;Suecia;Febrero;..
17 Girona;Suecia;Marzo;..
17 Girona;Suecia;Abril;..
17 Girona;Suecia;Mayo;28
17 Girona;Suecia;Junio;401
17 Girona;Suecia;Julio;321
17 Girona;Suecia;Agosto;46
17 Girona;Suecia;Septiembre;115
17 Girona;Suecia;Octubre;35
17 Girona;Suecia;Noviembre;..
17 Girona;Suecia;Diciembre;..
17 Girona;Resto de la UE;Enero;210
17 Girona;Resto de la UE;Febrero;113
17 Girona;Resto de la UE;Marzo;73
17 Girona;Resto de la UE;Abril;487
17 Girona;Resto de la UE;Mayo;719
17 Girona;Resto de la UE;Junio;619
17 Girona;Resto de la UE;Julio;974
17 Girona;Resto de la UE;Agosto;1.800
17 Girona;Resto de la UE;Septiembre;649
17 Girona;Resto de la UE;Octubre;191
17 Girona;Resto de la UE;Noviembre;..
17 Girona;Resto de la UE;Diciembre;..
17 Girona;Noruega;Enero;..
17 Girona;Noruega;Febrero;20
17 Girona;Noruega;Marzo;..
17 Girona;Noruega;Abril;..
17 Girona;Noruega;Mayo;36
17 Girona;Noruega;Junio;75
17 Girona;Noruega;Julio;296
17 Girona;Noruega;Agosto;54
17 Girona;Noruega;Septiembre;49
17 Girona;Noruega;Octubre;33
17 Girona;Noruega;Noviembre;..
17 Girona;Noruega;Diciembre;42
17 Girona;Rusia;Enero;65
17 Girona;Rusia;Febrero;114
17 Girona;Rusia;Marzo;62
17 Girona;Rusia;Abril;81
17 Girona;Rusia;Mayo;738
17 Girona;Rusia;Junio;1.324
17 Girona;Rusia;Julio;498
17 Girona;Rusia;Agosto;695
17 Girona;Rusia;Septiembre;1.302
17 Girona;Rusia;Octubre;143
17 Girona;Rusia;Noviembre;40
17 Girona;Rusia;Diciembre;82
17 Girona;Suiza;Enero;13
17 Girona;Suiza;Febrero;..
17 Girona;Suiza;Marzo;..
17 Girona;Suiza;Abril;..
17 Girona;Suiza;Mayo;121
17 Girona;Suiza;Junio;413
17 Girona;Suiza;Julio;1.246
17 Girona;Suiza;Agosto;276
17 Girona;Suiza;Septiembre;848
17 Girona;Suiza;Octubre;123
17 Girona;Suiza;Noviembre;13
17 Girona;Suiza;Diciembre;50
17 Girona;Resto de Europa;Enero;..
17 Girona;Resto de Europa;Febrero;56
17 Girona;Resto de Europa;Marzo;37
17 Girona;Resto de Europa;Abril;109
17 Girona;Resto de Europa;Mayo;638
17 Girona;Resto de Europa;Junio;875
17 Girona;Resto de Europa;Julio;893
17 Girona;Resto de Europa;Agosto;690
17 Girona;Resto de Europa;Septiembre;948
17 Girona;Resto de Europa;Octubre;381
17 Girona;Resto de Europa;Noviembre;25
17 Girona;Resto de Europa;Diciembre;..
17 Girona;Estados Unidos;Enero;40
17 Girona;Estados Unidos;Febrero;12
17 Girona;Estados Unidos;Marzo;81
17 Girona;Estados Unidos;Abril;151
17 Girona;Estados Unidos;Mayo;144
17 Girona;Estados Unidos;Junio;588
17 Girona;Estados Unidos;Julio;458
17 Girona;Estados Unidos;Agosto;459
17 Girona;Estados Unidos;Septiembre;379
17 Girona;Estados Unidos;Octubre;112
17 Girona;Estados Unidos;Noviembre;59
17 Girona;Estados Unidos;Diciembre;45
17 Girona;Resto de América;Enero;..
17 Girona;Resto de América;Febrero;..
17 Girona;Resto de América;Marzo;..
17 Girona;Resto de América;Abril;..
17 Girona;Resto de América;Mayo;134
17 Girona;Resto de América;Junio;450
17 Girona;Resto de América;Julio;326
17 Girona;Resto de América;Agosto;378
17 Girona;Resto de América;Septiembre;469
17 Girona;Resto de América;Octubre;229
17 Girona;Resto de América;Noviembre;..
17 Girona;Resto de América;Diciembre;123
17 Girona;Países Africanos;Enero;12
17 Girona;Países Africanos;Febrero;..
17 Girona;Países Africanos;Marzo;26
17 Girona;Países Africanos;Abril;..
17 Girona;Países Africanos;Mayo;18
17 Girona;Países Africanos;Junio;59
17 Girona;Países Africanos;Julio;197
17 Girona;Países Africanos;Agosto;170
17 Girona;Países Africanos;Septiembre;187
17 Girona;Países Africanos;Octubre;12
17 Girona;Países Africanos;Noviembre;..
17 Girona;Países Africanos;Diciembre;..
17 Girona;Resto del mundo;Enero;129
17 Girona;Resto del mundo;Febrero;179
17 Girona;Resto del mundo;Marzo;93
17 Girona;Resto del mundo;Abril;113
17 Girona;Resto del mundo;Mayo;152
17 Girona;Resto del mundo;Junio;538
17 Girona;Resto del mundo;Julio;2.174
17 Girona;Resto del mundo;Agosto;1.513
17 Girona;Resto del mundo;Septiembre;729
17 Girona;Resto del mundo;Octubre;133
17 Girona;Resto del mundo;Noviembre;247
17 Girona;Resto del mundo;Diciembre;330
28 Madrid;Total;Enero;29.859
28 Madrid;Total;Febrero;35.677
28 Madrid;Total;Marzo;50.085
28 Madrid;Total;Abril;51.458
28 Madrid;Total;Mayo;52.183
28 Madrid;Total;Junio;56.324
28 Madrid;Total;Julio;53.583
28 Madrid;Total;Agosto;45.623
28 Madrid;Total;Septiembre;55.036
28 Madrid;Total;Octubre;59.048
28 Madrid;Total;Noviembre;51.479
28 Madrid;Total;Diciembre;51.316
28 Madrid;Residentes en España;Enero;15.359
28 Madrid;Residentes en España;Febrero;18.622
28 Madrid;Residentes en España;Marzo;25.107
28 Madrid;Residentes en España;Abril;21.469
28 Madrid;Residentes en España;Mayo;22.010
28 Madrid;Residentes en España;Junio;23.720
28 Madrid;Residentes en España;Julio;22.670
28 Madrid;Residentes en España;Agosto;18.634
28 Madrid;Residentes en España;Septiembre;23.744
28 Madrid;Residentes en España;Octubre;24.911
28 Madrid;Residentes en España;Noviembre;25.971
28 Madrid;Residentes en España;Diciembre;29.042
28 Madrid;No residentes en España;Enero;14.500
28 Madrid;No residentes en España;Febrero;17.054
28 Madrid;No residentes en España;Marzo;24.978
28 Madrid;No residentes en España;Abril;29.988
28 Madrid;No residentes en España;Mayo;30.174
28 Madrid;No residentes en España;Junio;32.604
28 Madrid;No residentes en España;Julio;30.913
28 Madrid;No residentes en España;Agosto;26.989
28 Madrid;No residentes en España;Septiembre;31.292
28 Madrid;No residentes en España;Octubre;34.137
28 Madrid;No residentes en España;Noviembre;25.508
28 Madrid;No residentes en España;Diciembre;22.273
28 Madrid;Unión Europea (sin España);Enero;5.508
28 Madrid;Unión Europea (sin España);Febrero;7.412
28 Madrid;Unión Europea (sin España);Marzo;10.822
28 Madrid;Unión Europea (sin España);Abril;13.680
28 Madrid;Unión Europea (sin España);Mayo;12.894
28 Madrid;Unión Europea (sin España);Junio;10.421
28 Madrid;Unión Europea (sin España);Julio;9.618
28 Madrid;Unión Europea (sin España);Agosto;10.071
28 Madrid;Unión Europea (sin España);Septiembre;11.189
28 Madrid;Unión Europea (sin España);Octubre;14.033
28 Madrid;Unión Europea (sin España);Noviembre;10.775
28 Madrid;Unión Europea (sin España);Diciembre;9.055
28 Madrid;Alemania;Enero;394
28 Madrid;Alemania;Febrero;643
28 Madrid;Alemania;Marzo;1.306
28 Madrid;Alemania;Abril;1.445
28 Madrid;Alemania;Mayo;1.226
28 Madrid;Alemania;Junio;910
28 Madrid;Alemania;Julio;990
28 Madrid;Alemania;Agosto;755
28 Madrid;Alemania;Septiembre;1.252
28 Madrid;Alemania;Octubre;1.996
28 Madrid;Alemania;Noviembre;858
28 Madrid;Alemania;Diciembre;657
28 Madrid;Austria;Enero;78
28 Madrid;Austria;Febrero;220
28 Madrid;Austria;Marzo;254
28 Madrid;Austria;Abril;327
28 Madrid;Austria;Mayo;342
28 Madrid;Austria;Junio;186
28 Madrid;Austria;Julio;150
28 Madrid;Austria;Agosto;183
28 Madrid;Austria;Septiembre;305
28 Madrid;Austria;Octubre;367
28 Madrid;Austria;Noviembre;283
28 Madrid;Austria;Diciembre;168
28 Madrid;Bélgica;Enero;251
28 Madrid;Bélgica;Febrero;272
28 Madrid;Bélgica;Marzo;267
28 Madrid;Bélgica;Abril;459
28 Madrid;Bélgica;Mayo;463
28 Madrid;Bélgica;Junio;307
28 Madrid;Bélgica;Julio;333
28 Madrid;Bélgica;Agosto;339
28 Madrid;Bélgica;Septiembre;553
28 Madrid;Bélgica;Octubre;608
28 Madrid;Bélgica;Noviembre;409
28 Madrid;Bélgica;Diciembre;174
28 Madrid;Dinamarca;Enero;54
28 Madrid;Dinamarca;Febrero;86
28 Madrid;Dinamarca;Marzo;195
28 Madrid;Dinamarca;Abril;407
28 Madrid;Dinamarca;Mayo;235
28 Madrid;Dinamarca;Junio;114
28 Madrid;Dinamarca;Julio;194
28 Madrid;Dinamarca;Agosto;134
28 Madrid;Dinamarca;Septiembre;222
28 Madrid;Dinamarca;Octubre;406
28 Madrid;Dinamarca;Noviembre;83
28 Madrid;Dinamarca;Diciembre;103
28 Madrid;Finlandia;Enero;53
28 Madrid;Finlandia;Febrero;85
28 Madrid;Finlandia;Marzo;121
28 Madrid;Finlandia;Abril;173
28 Madrid;Finlandia;Mayo;158
28 Madrid;Finlandia;Junio;73
28 Madrid;Finlandia;Julio;112
28 Madrid;Finlandia;Agosto;25
28 Madrid;Finlandia;Septiembre;153
28 Madrid;Finlandia;Octubre;167
28 Madrid;Finlandia;Noviembre;159
28 Madrid;Finlandia;Diciembre;176
28 Madrid;Francia;Enero;861
28 Madrid;Francia;Febrero;1.296
28 Madrid;Francia;Marzo;1.567
28 Madrid;Francia;Abril;1.987
28 Madrid;Francia;Mayo;1.973
28 Madrid;Francia;Junio;1.651
28 Madrid;Francia;Julio;1.915
28 Madrid;Francia;Agosto;2.301
28 Madrid;Francia;Septiembre;1.347
28 Madrid;Francia;Octubre;2.188
28 Madrid;Francia;Noviembre;1.975
28 Madrid;Francia;Diciembre;1.585
28 Madrid;Grecia;Enero;96
28 Madrid;Grecia;Febrero;109
28 Madrid;Grecia;Marzo;167
28 Madrid;Grecia;Abril;215
28 Madrid;Grecia;Mayo;116
28 Madrid;Grecia;Junio;120
28 Madrid;Grecia;Julio;145
28 Madrid;Grecia;Agosto;110
28 Madrid;Grecia;Septiembre;145
28 Madrid;Grecia;Octubre;145
28 Madrid;Grecia;Noviembre;164
28 Madrid;Grecia;Diciembre;160
28 Madrid;Irlanda;Enero;207
28 Madrid;Irlanda;Febrero;300
28 Madrid;Irlanda;Marzo;291
28 Madrid;Irlanda;Abril;546
28 Madrid;Irlanda;Mayo;687
28 Madrid;Irlanda;Junio;383
28 Madrid;Irlanda;Julio;328
28 Madrid;Irlanda;Agosto;329
28 Madrid;Irlanda;Septiembre;411
28 Madrid;Irlanda;Octubre;414
28 Madrid;Irlanda;Noviembre;334
28 Madrid;Irlanda;Diciembre;213
28 Madrid;Italia;Enero;1.075
28 Madrid;Italia;Febrero;1.583
28 Madrid;Italia;Marzo;1.815
28 Madrid;Italia;Abril;2.510
28 Madrid;Italia;Mayo;1.924
28 Madrid;Italia;Junio;1.905
28 Madrid;Italia;Julio;1.524
28 Madrid;Italia;Agosto;1.702
28 Madrid;Italia;Septiembre;2.132
28 Madrid;Italia;Octubre;2.275
28 Madrid;Italia;Noviembre;2.295
28 Madrid;Italia;Diciembre;1.956
28 Madrid;Luxemburgo;Enero;14
28 Madrid;Luxemburgo;Febrero;45
28 Madrid;Luxemburgo;Marzo;147
28 Madrid;Luxemburgo;Abril;61
28 Madrid;Luxemburgo;Mayo;29
28 Madrid;Luxemburgo;Junio;28
28 Madrid;Luxemburgo;Julio;50
28 Madrid;Luxemburgo;Agosto;51
28 Madrid;Luxemburgo;Septiembre;55
28 Madrid;Luxemburgo;Octubre;55
28 Madrid;Luxemburgo;Noviembre;27
28 Madrid;Luxemburgo;Diciembre;125
28 Madrid;Países Bajos;Enero;543
28 Madrid;Países Bajos;Febrero;304
28 Madrid;Países Bajos;Marzo;688
28 Madrid;Países Bajos;Abril;682
28 Madrid;Países Bajos;Mayo;603
28 Madrid;Países Bajos;Junio;528
28 Madrid;Países Bajos;Julio;444
28 Madrid;Países Bajos;Agosto;451
28 Madrid;Países Bajos;Septiembre;566
28 Madrid;Países Bajos;Octubre;746
28 Madrid;Países Bajos;Noviembre;618
28 Madrid;Países Bajos;Diciembre;612
28 Madrid;Polonia;Enero;136
28 Madrid;Polonia;Febrero;159
28 Madrid;Polonia;Marzo;356
28 Madrid;Polonia;Abril;387
28 Madrid;Polonia;Mayo;569
28 Madrid;Polonia;Junio;414
28 Madrid;Polonia;Julio;304
28 Madrid;Polonia;Agosto;262
28 Madrid;Polonia;Septiembre;220
28 Madrid;Polonia;Octubre;436
28 Madrid;Polonia;Noviembre;253
28 Madrid;Polonia;Diciembre;233
28 Madrid;Portugal;Enero;585
28 Madrid;Portugal;Febrero;694
28 Madrid;Portugal;Marzo;1.139
28 Madrid;Portugal;Abril;1.335
28 Madrid;Portugal;Mayo;830
28 Madrid;Portugal;Junio;1.001
28 Madrid;Portugal;Julio;898
28 Madrid;Portugal;Agosto;1.378
28 Madrid;Portugal;Septiembre;960
28 Madrid;Portugal;Octubre;1.032
28 Madrid;Portugal;Noviembre;881
28 Madrid;Portugal;Diciembre;841
28 Madrid;Reino Unido;Enero;565
28 Madrid;Reino Unido;Febrero;924
28 Madrid;Reino Unido;Marzo;1.457
28 Madrid;Reino Unido;Abril;2.060
28 Madrid;Reino Unido;Mayo;2.705
28 Madrid;Reino Unido;Junio;1.925
28 Madrid;Reino Unido;Julio;1.401
28 Madrid;Reino Unido;Agosto;1.385
28 Madrid;Reino Unido;Septiembre;1.875
28 Madrid;Reino Unido;Octubre;1.861
28 Madrid;Reino Unido;Noviembre;1.461
28 Madrid;Reino Unido;Diciembre;1.040
28 Madrid;Republica Checa;Enero;47
28 Madrid;Republica Checa;Febrero;63
28 Madrid;Republica Checa;Marzo;89
28 Madrid;Republica Checa;Abril;153
28 Madrid;Republica Checa;Mayo;104
28 Madrid;Republica Checa;Junio;96
28 Madrid;Republica Checa;Julio;45
28 Madrid;Republica Checa;Agosto;84
28 Madrid;Republica Checa;Septiembre;76
28 Madrid;Republica Checa;Octubre;203
28 Madrid;Republica Checa;Noviembre;95
28 Madrid;Republica Checa;Diciembre;312
28 Madrid;Suecia;Enero;117
28 Madrid;Suecia;Febrero;112
28 Madrid;Suecia;Marzo;134
28 Madrid;Suecia;Abril;248
28 Madrid;Suecia;Mayo;230
28 Madrid;Suecia;Junio;233
28 Madrid;Suecia;Julio;231
28 Madrid;Suecia;Agosto;157
28 Madrid;Suecia;Septiembre;212
28 Madrid;Suecia;Octubre;265
28 Madrid;Suecia;Noviembre;148
28 Madrid;Suecia;Diciembre;183
28 Madrid;Resto de la UE;Enero;433
28 Madrid;Resto de la UE;Febrero;516
28 Madrid;Resto de la UE;Marzo;829
28 Madrid;Resto de la UE;Abril;685
28 Madrid;Resto de la UE;Mayo;701
28 Madrid;Resto de la UE;Junio;546
28 Madrid;Resto de la UE;Julio;555
28 Madrid;Resto de la UE;Agosto;425
28 Madrid;Resto de la UE;Septiembre;705
28 Madrid;Resto de la UE;Octubre;868
28 Madrid;Resto de la UE;Noviembre;733
28 Madrid;Resto de la UE;Diciembre;515
28 Madrid;Noruega;Enero;40
28 Madrid;Noruega;Febrero;143
28 Madrid;Noruega;Marzo;124
28 Madrid;Noruega;Abril;248
28 Madrid;Noruega;Mayo;145
28 Madrid;Noruega;Junio;178
28 Madrid;Noruega;Julio;178
28 Madrid;Noruega;Agosto;99
28 Madrid;Noruega;Septiembre;219
28 Madrid;Noruega;Octubre;236
28 Madrid;Noruega;Noviembre;112
28 Madrid;Noruega;Diciembre;110
28 Madrid;Rusia;Enero;409
28 Madrid;Rusia;Febrero;393
28 Madrid;Rusia;Marzo;564
28 Madrid;Rusia;Abril;528
28 Madrid;Rusia;Mayo;861
28 Madrid;Rusia;Junio;816
28 Madrid;Rusia;Julio;455
28 Madrid;Rusia;Agosto;496
28 Madrid;Rusia;Septiembre;515
28 Madrid;Rusia;Octubre;740
28 Madrid;Rusia;Noviembre;510
28 Madrid;Rusia;Diciembre;493
28 Madrid;Suiza;Enero;78
28 Madrid;Suiza;Febrero;238
28 Madrid;Suiza;Marzo;177
28 Madrid;Suiza;Abril;474
28 Madrid;Suiza;Mayo;353
28 Madrid;Suiza;Junio;241
28 Madrid;Suiza;Julio;195
28 Madrid;Suiza;Agosto;107
28 Madrid;Suiza;Septiembre;405
28 Madrid;Suiza;Octubre;470
28 Madrid;Suiza;Noviembre;250
28 Madrid;Suiza;Diciembre;216
28 Madrid;Resto de Europa;Enero;300
28 Madrid;Resto de Europa;Febrero;342
28 Madrid;Resto de Europa;Marzo;470
28 Madrid;Resto de Europa;Abril;807
28 Madrid;Resto de Europa;Mayo;586
28 Madrid;Resto de Europa;Junio;764
28 Madrid;Resto de Europa;Julio;722
28 Madrid;Resto de Europa;Agosto;476
28 Madrid;Resto de Europa;Septiembre;832
28 Madrid;Resto de Europa;Octubre;926
28 Madrid;Resto de Europa;Noviembre;820
28 Madrid;Resto de Europa;Diciembre;530
28 Madrid;Estados Unidos;Enero;1.315
28 Madrid;Estados Unidos;Febrero;1.787
28 Madrid;Estados Unidos;Marzo;4.589
28 Madrid;Estados Unidos;Abril;3.933
28 Madrid;Estados Unidos;Mayo;3.641
28 Madrid;Estados Unidos;Junio;6.558
28 Madrid;Estados Unidos;Julio;5.283
28 Madrid;Estados Unidos;Agosto;3.328
28 Madrid;Estados Unidos;Septiembre;3.586
28 Madrid;Estados Unidos;Octubre;3.562
28 Madrid;Estados Unidos;Noviembre;3.018
28 Madrid;Estados Unidos;Diciembre;2.782
28 Madrid;Resto de América;Enero;3.405
28 Madrid;Resto de América;Febrero;3.077
28 Madrid;Resto de América;Marzo;3.822
28 Madrid;Resto de América;Abril;5.103
28 Madrid;Resto de América;Mayo;6.869
28 Madrid;Resto de América;Junio;6.937
28 Madrid;Resto de América;Julio;7.966
28 Madrid;Resto de América;Agosto;6.541
28 Madrid;Resto de América;Septiembre;8.642
28 Madrid;Resto de América;Octubre;7.744
28 Madrid;Resto de América;Noviembre;5.262
28 Madrid;Resto de América;Diciembre;4.468
28 Madrid;Países Africanos;Enero;514
28 Madrid;Países Africanos;Febrero;580
28 Madrid;Países Africanos;Marzo;529
28 Madrid;Países Africanos;Abril;615
28 Madrid;Países Africanos;Mayo;366
28 Madrid;Países Africanos;Junio;645
28 Madrid;Países Africanos;Julio;1.126
28 Madrid;Países Africanos;Agosto;690
28 Madrid;Países Africanos;Septiembre;564
28 Madrid;Países Africanos;Octubre;698
28 Madrid;Países Africanos;Noviembre;672
28 Madrid;Países Africanos;Diciembre;538
28 Madrid;Resto del mundo;Enero;2.932
28 Madrid;Resto del mundo;Febrero;3.082
28 Madrid;Resto del mundo;Marzo;3.881
28 Madrid;Resto del mundo;Abril;4.599
28 Madrid;Resto del mundo;Mayo;4.458
28 Madrid;Resto del mundo;Junio;6.045
28 Madrid;Resto del mundo;Julio;5.369
28 Madrid;Resto del mundo;Agosto;5.181
28 Madrid;Resto del mundo;Septiembre;5.340
28 Madrid;Resto del mundo;Octubre;5.728
28 Madrid;Resto del mundo;Noviembre;4.089
28 Madrid;Resto del mundo;Diciembre;4.081
29 Málaga;Total;Enero;62.582
29 Málaga;Total;Febrero;72.382
29 Málaga;Total;Marzo;90.769
29 Málaga;Total;Abril;125.783
29 Málaga;Total;Mayo;128.745
29 Málaga;Total;Junio;141.657
29 Málaga;Total;Julio;152.560
29 Málaga;Total;Agosto;178.304
29 Málaga;Total;Septiembre;132.962
29 Málaga;Total;Octubre;115.307
29 Málaga;Total;Noviembre;75.162
29 Málaga;Total;Diciembre;73.928
29 Málaga;Residentes en España;Enero;18.185
29 Málaga;Residentes en España;Febrero;21.121
29 Málaga;Residentes en España;Marzo;27.074
29 Málaga;Residentes en España;Abril;37.584
29 Málaga;Residentes en España;Mayo;34.644
29 Málaga;Residentes en España;Junio;41.940
29 Málaga;Residentes en España;Julio;49.796
29 Málaga;Residentes en España;Agosto;73.803
29 Málaga;Residentes en España;Septiembre;41.029
29 Málaga;Residentes en España;Octubre;24.141
29 Málaga;Residentes en España;Noviembre;23.737
29 Málaga;Residentes en España;Diciembre;31.300
29 Málaga;No residentes en España;Enero;44.397
29 Málaga;No residentes en España;Febrero;51.261
29 Málaga;No residentes en España;Marzo;63.695
29 Málaga;No residentes en España;Abril;88.200
29 Málaga;No residentes en España;Mayo;94.101
29 Málaga;No residentes en España;Junio;99.717
29 Málaga;No residentes en España;Julio;102.764
29 Málaga;No residentes en España;Agosto;104.502
29 Málaga;No residentes en España;Septiembre;91.932
29 Málaga;No residentes en España;Octubre;91.166
29 Málaga;No residentes en España;Noviembre;51.425
29 Málaga;No residentes en España;Diciembre;42.628
29 Málaga;Unión Europea (sin España);Enero;31.974
29 Málaga;Unión Europea (sin España);Febrero;40.779
29 Málaga;Unión Europea (sin España);Marzo;50.405
29 Málaga;Unión Europea (sin España);Abril;71.153
29 Málaga;Unión Europea (sin España);Mayo;80.844
29 Málaga;Unión Europea (sin España);Junio;81.560
29 Málaga;Unión Europea (sin España);Julio;83.645
29 Málaga;Unión Europea (sin España);Agosto;83.985
29 Málaga;Unión Europea (sin España);Septiembre;77.317
29 Málaga;Unión Europea (sin España);Octubre;75.281
29 Málaga;Unión Europea (sin España);Noviembre;39.456
29 Málaga;Unión Europea (sin España);Diciembre;32.847
29 Málaga;Alemania;Enero;3.165
29 Málaga;Alemania;Febrero;3.081
29 Málaga;Alemania;Marzo;4.931
29 Málaga;Alemania;Abril;5.086
29 Málaga;Alemania;Mayo;4.499
29 Málaga;Alemania;Junio;4.678
29 Málaga;Alemania;Julio;2.945
29 Málaga;Alemania;Agosto;3.627
29 Málaga;Alemania;Septiembre;4.269
29 Málaga;Alemania;Octubre;5.948
29 Málaga;Alemania;Noviembre;3.621
29 Málaga;Alemania;Diciembre;2.734
29 Málaga;Austria;Enero;192
29 Málaga;Austria;Febrero;434
29 Málaga;Austria;Marzo;169
29 Málaga;Austria;Abril;443
29 Málaga;Austria;Mayo;687
29 Málaga;Austria;Junio;328
29 Málaga;Austria;Julio;599
29 Málaga;Austria;Agosto;686
29 Málaga;Austria;Septiembre;321
29 Málaga;Austria;Octubre;378
29 Málaga;Austria;Noviembre;408
29 Málaga;Austria;Diciembre;227
29 Málaga;Bélgica;Enero;979
29 Málaga;Bélgica;Febrero;1.005
29 Málaga;Bélgica;Marzo;1.700
29 Málaga;Bélgica;Abril;1.922
29 Málaga;Bélgica;Mayo;2.051
29 Málaga;Bélgica;Junio;1.966
29 Málaga;Bélgica;Julio;2.491
29 Málaga;Bélgica;Agosto;2.477
29 Málaga;Bélgica;Septiembre;2.054
29 Málaga;Bélgica;Octubre;1.932
29 Málaga;Bélgica;Noviembre;975
29 Málaga;Bélgica;Diciembre;948
29 Málaga;Dinamarca;Enero;788
29 Málaga;Dinamarca;Febrero;1.858
29 Málaga;Dinamarca;Marzo;1.753
29 Málaga;Dinamarca;Abril;1.778
29 Málaga;Dinamarca;Mayo;2.085
29 Málaga;Dinamarca;Junio;1.630
29 Málaga;Dinamarca;Julio;3.060
29 Málaga;Dinamarca;Agosto;1.202
29 Málaga;Dinamarca;Septiembre;2.111
29 Málaga;Dinamarca;Octubre;1.878
29 Málaga;Dinamarca;Noviembre;901
29 Málaga;Dinamarca;Diciembre;757
29 Málaga;Finlandia;Enero;1.829
29 Málaga;Finlandia;Febrero;2.410
29 Málaga;Finlandia;Marzo;3.376
29 Málaga;Finlandia;Abril;3.818
29 Málaga;Finlandia;Mayo;3.452
29 Málaga;Finlandia;Junio;3.070
29 Málaga;Finlandia;Julio;2.026
29 Málaga;Finlandia;Agosto;1.051
29 Málaga;Finlandia;Septiembre;2.279
29 Málaga;Finlandia;Octubre;4.159
29 Málaga;Finlandia;Noviembre;3.563
29 Málaga;Finlandia;Diciembre;1.834
29 Málaga;Francia;Enero;2.324
29 Málaga;Francia;Febrero;2.226
29 Málaga;Francia;Marzo;2.418
29 Málaga;Francia;Abril;5.084
29 Málaga;Francia;Mayo;4.535
29 Málaga;Francia;Junio;4.657
29 Málaga;Francia;Julio;8.201
29 Málaga;Francia;Agosto;11.031
29 Málaga;Francia;Septiembre;5.189
29 Málaga;Francia;Octubre;4.079
29 Málaga;Francia;Noviembre;1.640
29 Málaga;Francia;Diciembre;1.921
29 Málaga;Grecia;Enero;..
29 Málaga;Grecia;Febrero;..
29 Málaga;Grecia;Marzo;37
29 Málaga;Grecia;Abril;23
29 Málaga;Grecia;Mayo;64
29 Málaga;Grecia;Junio;157
29 Málaga;Grecia;Julio;244
29 Málaga;Grecia;Agosto;61
29 Málaga;Grecia;Septiembre;156
29 Málaga;Grecia;Octubre;85
29 Málaga;Grecia;Noviembre;192
29 Málaga;Grecia;Diciembre;107
29 Málaga;Irlanda;Enero;2.098
29 Málaga;Irlanda;Febrero;2.521
29 Málaga;Irlanda;Marzo;4.166
29 Málaga;Irlanda;Abril;7.097
29 Málaga;Irlanda;Mayo;11.071
29 Málaga;Irlanda;Junio;14.284
29 Málaga;Irlanda;Julio;10.877
29 Málaga;Irlanda;Agosto;9.684
29 Málaga;Irlanda;Septiembre;11.285
29 Málaga;Irlanda;Octubre;8.075
29 Málaga;Irlanda;Noviembre;2.796
29 Málaga;Irlanda;Diciembre;1.831
29 Málaga;Italia;Enero;2.394
29 Málaga;Italia;Febrero;1.662
29 Málaga;Italia;Marzo;2.038
29 Málaga;Italia;Abril;4.319
29 Málaga;Italia;Mayo;3.195
29 Málaga;Italia;Junio;3.248
29 Málaga;Italia;Julio;3.564
29 Málaga;Italia;Agosto;7.592
29 Málaga;Italia;Septiembre;4.176
29 Málaga;Italia;Octubre;2.923
29 Málaga;Italia;Noviembre;1.661
29 Málaga;Italia;Diciembre;1.981
29 Málaga;Luxemburgo;Enero;..
29 Málaga;Luxemburgo;Febrero;..
29 Málaga;Luxemburgo;Marzo;53
29 Málaga;Luxemburgo;Abril;88
29 Málaga;Luxemburgo;Mayo;52
29 Málaga;Luxemburgo;Junio;62
29 Málaga;Luxemburgo;Julio;37
29 Málaga;Luxemburgo;Agosto;443
29 Málaga;Luxemburgo;Septiembre;56
29 Málaga;Luxemburgo;Octubre;104
29 Málaga;Luxemburgo;Noviembre;28
29 Málaga;Luxemburgo;Diciembre;80
29 Málaga;Países Bajos;Enero;2.940
29 Málaga;Países Bajos;Febrero;3.006
29 Málaga;Países Bajos;Marzo;4.194
29 Málaga;Países Bajos;Abril;6.662
29 Málaga;Países Bajos;Mayo;7.510
29 Málaga;Países Bajos;Junio;6.552
29 Málaga;Países Bajos;Julio;8.121
29 Málaga;Países Bajos;Agosto;6.720
29 Málaga;Países Bajos;Septiembre;7.511
29 Málaga;Países Bajos;Octubre;5.618
29 Málaga;Países Bajos;Noviembre;2.190
29 Málaga;Países Bajos;Diciembre;2.322
29 Málaga;Polonia;Enero;815
29 Málaga;Polonia;Febrero;704
29 Málaga;Polonia;Marzo;479
29 Málaga;Polonia;Abril;1.151
29 Málaga;Polonia;Mayo;1.357
29 Málaga;Polonia;Junio;1.085
29 Málaga;Polonia;Julio;1.112
29 Málaga;Polonia;Agosto;1.180
29 Málaga;Polonia;Septiembre;848
29 Málaga;Polonia;Octubre;1.171
29 Málaga;Polonia;Noviembre;909
29 Málaga;Polonia;Diciembre;513
29 Málaga;Portugal;Enero;278
29 Málaga;Portugal;Febrero;262
29 Málaga;Portugal;Marzo;520
29 Málaga;Portugal;Abril;1.430
29 Málaga;Portugal;Mayo;338
29 Málaga;Portugal;Junio;1.214
29 Málaga;Portugal;Julio;1.397
29 Málaga;Portugal;Agosto;2.543
29 Málaga;Portugal;Septiembre;1.330
29 Málaga;Portugal;Octubre;244
29 Málaga;Portugal;Noviembre;313
29 Málaga;Portugal;Diciembre;439
29 Málaga;Reino Unido;Enero;11.191
29 Málaga;Reino Unido;Febrero;17.005
29 Málaga;Reino Unido;Marzo;20.545
29 Málaga;Reino Unido;Abril;27.338
29 Málaga;Reino Unido;Mayo;34.262
29 Málaga;Reino Unido;Junio;32.505
29 Málaga;Reino Unido;Julio;32.957
29 Málaga;Reino Unido;Agosto;32.309
29 Málaga;Reino Unido;Septiembre;31.433
29 Málaga;Reino Unido;Octubre;31.563
29 Málaga;Reino Unido;Noviembre;15.623
29 Málaga;Reino Unido;Diciembre;14.220
29 Málaga;Republica Checa;Enero;282
29 Málaga;Republica Checa;Febrero;261
29 Málaga;Republica Checa;Marzo;406
29 Málaga;Republica Checa;Abril;244
29 Málaga;Republica Checa;Mayo;709
29 Málaga;Republica Checa;Junio;607
29 Málaga;Republica Checa;Julio;314
29 Málaga;Republica Checa;Agosto;267
29 Málaga;Republica Checa;Septiembre;247
29 Málaga;Republica Checa;Octubre;710
29 Málaga;Republica Checa;Noviembre;156
29 Málaga;Republica Checa;Diciembre;145
29 Málaga;Suecia;Enero;1.947
29 Málaga;Suecia;Febrero;3.361
29 Málaga;Suecia;Marzo;2.733
29 Málaga;Suecia;Abril;3.307
29 Málaga;Suecia;Mayo;3.436
29 Málaga;Suecia;Junio;3.598
29 Málaga;Suecia;Julio;3.200
29 Málaga;Suecia;Agosto;1.503
29 Málaga;Suecia;Septiembre;2.757
29 Málaga;Suecia;Octubre;4.625
29 Málaga;Suecia;Noviembre;2.949
29 Málaga;Suecia;Diciembre;2.097
29 Málaga;Resto de la UE;Enero;729
29 Málaga;Resto de la UE;Febrero;954
29 Málaga;Resto de la UE;Marzo;887
29 Málaga;Resto de la UE;Abril;1.363
29 Málaga;Resto de la UE;Mayo;1.539
29 Málaga;Resto de la UE;Junio;1.917
29 Málaga;Resto de la UE;Julio;2.501
29 Málaga;Resto de la UE;Agosto;1.608
29 Málaga;Resto de la UE;Septiembre;1.292
29 Málaga;Resto de la UE;Octubre;1.789
29 Málaga;Resto de la UE;Noviembre;1.530
29 Málaga;Resto de la UE;Diciembre;690
29 Málaga;Noruega;Enero;1.241
29 Málaga;Noruega;Febrero;2.093
29 Málaga;Noruega;Marzo;2.403
29 Málaga;Noruega;Abril;2.799
29 Málaga;Noruega;Mayo;1.672
29 Málaga;Noruega;Junio;1.584
29 Málaga;Noruega;Julio;2.051
29 Málaga;Noruega;Agosto;857
29 Málaga;Noruega;Septiembre;1.387
29 Málaga;Noruega;Octubre;2.610
29 Málaga;Noruega;Noviembre;1.548
29 Málaga;Noruega;Diciembre;1.206
29 Málaga;Rusia;Enero;683
29 Málaga;Rusia;Febrero;391
29 Málaga;Rusia;Marzo;686
29 Málaga;Rusia;Abril;677
29 Málaga;Rusia;Mayo;884
29 Málaga;Rusia;Junio;1.555
29 Málaga;Rusia;Julio;995
29 Málaga;Rusia;Agosto;1.013
29 Málaga;Rusia;Septiembre;1.637
29 Málaga;Rusia;Octubre;1.383
29 Málaga;Rusia;Noviembre;459
29 Málaga;Rusia;Diciembre;915
29 Málaga;Suiza;Enero;346
29 Málaga;Suiza;Febrero;524
29 Málaga;Suiza;Marzo;1.015
29 Málaga;Suiza;Abril;1.320
29 Málaga;Suiza;Mayo;1.192
29 Málaga;Suiza;Junio;1.291
29 Málaga;Suiza;Julio;1.251
29 Málaga;Suiza;Agosto;689
29 Málaga;Suiza;Septiembre;1.243
29 Málaga;Suiza;Octubre;1.366
29 Málaga;Suiza;Noviembre;575
29 Málaga;Suiza;Diciembre;331
29 Málaga;Resto de Europa;Enero;811
29 Málaga;Resto de Europa;Febrero;139
29 Málaga;Resto de Europa;Marzo;486
29 Málaga;Resto de Europa;Abril;635
29 Málaga;Resto de Europa;Mayo;776
29 Málaga;Resto de Europa;Junio;1.415
29 Málaga;Resto de Europa;Julio;766
29 Málaga;Resto de Europa;Agosto;797
29 Málaga;Resto de Europa;Septiembre;1.159
29 Málaga;Resto de Europa;Octubre;792
29 Málaga;Resto de Europa;Noviembre;759
29 Málaga;Resto de Europa;Diciembre;564
29 Málaga;Estados Unidos;Enero;1.819
29 Málaga;Estados Unidos;Febrero;1.194
29 Málaga;Estados Unidos;Marzo;2.170
29 Málaga;Estados Unidos;Abril;2.341
29 Málaga;Estados Unidos;Mayo;2.642
29 Málaga;Estados Unidos;Junio;4.034
29 Málaga;Estados Unidos;Julio;2.812
29 Málaga;Estados Unidos;Agosto;1.617
29 Málaga;Estados Unidos;Septiembre;1.810
29 Málaga;Estados Unidos;Octubre;2.346
29 Málaga;Estados Unidos;Noviembre;2.175
29 Málaga;Estados Unidos;Diciembre;2.146
29 Málaga;Resto de América;Enero;1.986
29 Málaga;Resto de América;Febrero;3.212
29 Málaga;Resto de América;Marzo;3.517
29 Málaga;Resto de América;Abril;3.215
29 Málaga;Resto de América;Mayo;2.193
29 Málaga;Resto de América;Junio;2.455
29 Málaga;Resto de América;Julio;2.628
29 Málaga;Resto de América;Agosto;2.139
29 Málaga;Resto de América;Septiembre;2.786
29 Málaga;Resto de América;Octubre;3.004
29 Málaga;Resto de América;Noviembre;2.644
29 Málaga;Resto de América;Diciembre;1.510
29 Málaga;Países Africanos;Enero;3.829
29 Málaga;Países Africanos;Febrero;1.171
29 Málaga;Países Africanos;Marzo;1.391
29 Málaga;Países Africanos;Abril;3.379
29 Málaga;Países Africanos;Mayo;824
29 Málaga;Países Africanos;Junio;2.255
29 Málaga;Países Africanos;Julio;5.142
29 Málaga;Países Africanos;Agosto;9.235
29 Málaga;Países Africanos;Septiembre;1.842
29 Málaga;Países Africanos;Octubre;1.525
29 Málaga;Países Africanos;Noviembre;2.337
29 Málaga;Países Africanos;Diciembre;1.217
29 Málaga;Resto del mundo;Enero;1.707
29 Málaga;Resto del mundo;Febrero;1.758
29 Málaga;Resto del mundo;Marzo;1.622
29 Málaga;Resto del mundo;Abril;2.681
29 Málaga;Resto del mundo;Mayo;3.074
29 Málaga;Resto del mundo;Junio;3.569
29 Málaga;Resto del mundo;Julio;3.474
29 Málaga;Resto del mundo;Agosto;4.169
29 Málaga;Resto del mundo;Septiembre;2.752
29 Málaga;Resto del mundo;Octubre;2.860
29 Málaga;Resto del mundo;Noviembre;1.473
29 Málaga;Resto del mundo;Diciembre;1.892
41 Sevilla;Total;Enero;30.978
41 Sevilla;Total;Febrero;33.089
41 Sevilla;Total;Marzo;40.433
41 Sevilla;Total;Abril;42.435
41 Sevilla;Total;Mayo;42.904
41 Sevilla;Total;Junio;41.334
41 Sevilla;Total;Julio;33.381
41 Sevilla;Total;Agosto;41.109
41 Sevilla;Total;Septiembre;40.903
41 Sevilla;Total;Octubre;42.381
41 Sevilla;Total;Noviembre;34.201
41 Sevilla;Total;Diciembre;30.439
41 Sevilla;Residentes en España;Enero;12.169
41 Sevilla;Residentes en España;Febrero;14.319
41 Sevilla;Residentes en España;Marzo;18.573
41 Sevilla;Residentes en España;Abril;17.467
41 Sevilla;Residentes en España;Mayo;19.188
41 Sevilla;Residentes en España;Junio;16.340
41 Sevilla;Residentes en España;Julio;11.616
41 Sevilla;Residentes en España;Agosto;15.945
41 Sevilla;Residentes en España;Septiembre;16.190
41 Sevilla;Residentes en España;Octubre;15.624
41 Sevilla;Residentes en España;Noviembre;15.775
41 Sevilla;Residentes en España;Diciembre;15.413
41 Sevilla;No residentes en España;Enero;18.809
41 Sevilla;No residentes en España;Febrero;18.770
41 Sevilla;No residentes en España;Marzo;21.860
41 Sevilla;No residentes en España;Abril;24.967
41 Sevilla;No residentes en España;Mayo;23.716
41 Sevilla;No residentes en España;Junio;24.994
41 Sevilla;No residentes en España;Julio;21.764
41 Sevilla;No residentes en España;Agosto;25.164
41 Sevilla;No residentes en España;Septiembre;24.712
41 Sevilla;No residentes en España;Octubre;26.756
41 Sevilla;No residentes en España;Noviembre;18.426
41 Sevilla;No residentes en España;Diciembre;15.026
41 Sevilla;Unión Europea (sin España);Enero;6.893
41 Sevilla;Unión Europea (sin España);Febrero;9.177
41 Sevilla;Unión Europea (sin España);Marzo;11.761
41 Sevilla;Unión Europea (sin España);Abril;14.115
41 Sevilla;Unión Europea (sin España);Mayo;11.857
41 Sevilla;Unión Europea (sin España);Junio;12.447
41 Sevilla;Unión Europea (sin España);Julio;11.480
41 Sevilla;Unión Europea (sin España);Agosto;15.846
41 Sevilla;Unión Europea (sin España);Septiembre;13.593
41 Sevilla;Unión Europea (sin España);Octubre;13.775
41 Sevilla;Unión Europea (sin España);Noviembre;9.126
41 Sevilla;Unión Europea (sin España);Diciembre;6.878
41 Sevilla;Alemania;Enero;450
41 Sevilla;Alemania;Febrero;449
41 Sevilla;Alemania;Marzo;1.189
41 Sevilla;Alemania;Abril;1.036
41 Sevilla;Alemania;Mayo;814
41 Sevilla;Alemania;Junio;1.125
41 Sevilla;Alemania;Julio;838
41 Sevilla;Alemania;Agosto;707
41 Sevilla;Alemania;Septiembre;1.432
41 Sevilla;Alemania;Octubre;1.415
41 Sevilla;Alemania;Noviembre;771
41 Sevilla;Alemania;Diciembre;545
41 Sevilla;Austria;Enero;23
41 Sevilla;Austria;Febrero;45
41 Sevilla;Austria;Marzo;63
41 Sevilla;Austria;Abril;108
41 Sevilla;Austria;Mayo;107
41 Sevilla;Austria;Junio;153
41 Sevilla;Austria;Julio;94
41 Sevilla;Austria;Agosto;116
41 Sevilla;Austria;Septiembre;159
41 Sevilla;Austria;Octubre;177
41 Sevilla;Austria;Noviembre;95
41 Sevilla;Austria;Diciembre;67
41 Sevilla;Bélgica;Enero;211
41 Sevilla;Bélgica;Febrero;137
41 Sevilla;Bélgica;Marzo;442
41 Sevilla;Bélgica;Abril;386
41 Sevilla;Bélgica;Mayo;335
41 Sevilla;Bélgica;Junio;293
41 Sevilla;Bélgica;Julio;363
41 Sevilla;Bélgica;Agosto;409
41 Sevilla;Bélgica;Septiembre;334
41 Sevilla;Bélgica;Octubre;487
41 Sevilla;Bélgica;Noviembre;296
41 Sevilla;Bélgica;Diciembre;265
41 Sevilla;Dinamarca;Enero;27
41 Sevilla;Dinamarca;Febrero;90
41 Sevilla;Dinamarca;Marzo;61
41 Sevilla;Dinamarca;Abril;174
41 Sevilla;Dinamarca;Mayo;60
41 Sevilla;Dinamarca;Junio;62
41 Sevilla;Dinamarca;Julio;138
41 Sevilla;Dinamarca;Agosto;50
41 Sevilla;Dinamarca;Septiembre;93
41 Sevilla;Dinamarca;Octubre;132
41 Sevilla;Dinamarca;Noviembre;178
41 Sevilla;Dinamarca;Diciembre;64
41 Sevilla;Finlandia;Enero;..
41 Sevilla;Finlandia;Febrero;100
41 Sevilla;Finlandia;Marzo;50
41 Sevilla;Finlandia;Abril;36
41 Sevilla;Finlandia;Mayo;27
41 Sevilla;Finlandia;Junio;37
41 Sevilla;Finlandia;Julio;58
41 Sevilla;Finlandia;Agosto;80
41 Sevilla;Finlandia;Septiembre;23
41 Sevilla;Finlandia;Octubre;73
41 Sevilla;Finlandia;Noviembre;..
41 Sevilla;Finlandia;Diciembre;134
41 Sevilla;Francia;Enero;1.398
41 Sevilla;Francia;Febrero;2.878
41 Sevilla;Francia;Marzo;2.575
41 Sevilla;Francia;Abril;3.891
41 Sevilla;Francia;Mayo;3.527
41 Sevilla;Francia;Junio;2.376
41 Sevilla;Francia;Julio;2.689
41 Sevilla;Francia;Agosto;3.577
41 Sevilla;Francia;Septiembre;2.349
41 Sevilla;Francia;Octubre;4.363
41 Sevilla;Francia;Noviembre;1.814
41 Sevilla;Francia;Diciembre;1.612
41 Sevilla;Grecia;Enero;..
41 Sevilla;Grecia;Febrero;73
41 Sevilla;Grecia;Marzo;43
41 Sevilla;Grecia;Abril;36
41 Sevilla;Grecia;Mayo;71
41 Sevilla;Grecia;Junio;78
41 Sevilla;Grecia;Julio;..
41 Sevilla;Grecia;Agosto;66
41 Sevilla;Grecia;Septiembre;..
41 Sevilla;Grecia;Octubre;63
41 Sevilla;Grecia;Noviembre;60
41 Sevilla;Grecia;Diciembre;..
41 Sevilla;Irlanda;Enero;142
41 Sevilla;Irlanda;Febrero;147
41 Sevilla;Irlanda;Marzo;124
41 Sevilla;Irlanda;Abril;220
41 Sevilla;Irlanda;Mayo;240
41 Sevilla;Irlanda;Junio;354
41 Sevilla;Irlanda;Julio;181
41 Sevilla;Irlanda;Agosto;244
41 Sevilla;Irlanda;Septiembre;208
41 Sevilla;Irlanda;Octubre;174
41 Sevilla;Irlanda;Noviembre;171
41 Sevilla;Irlanda;Diciembre;139
41 Sevilla;Italia;Enero;2.604
41 Sevilla;Italia;Febrero;1.627
41 Sevilla;Italia;Marzo;2.413
41 Sevilla;Italia;Abril;3.219
41 Sevilla;Italia;Mayo;2.428
41 Sevilla;Italia;Junio;2.952
41 Sevilla;Italia;Julio;1.999
41 Sevilla;Italia;Agosto;3.559
41 Sevilla;Italia;Septiembre;2.413
41 Sevilla;Italia;Octubre;1.935
41 Sevilla;Italia;Noviembre;2.222
41 Sevilla;Italia;Diciembre;1.688
41 Sevilla;Luxemburgo;Enero;34
41 Sevilla;Luxemburgo;Febrero;35
41 Sevilla;Luxemburgo;Marzo;..
41 Sevilla;Luxemburgo;Abril;..
41 Sevilla;Luxemburgo;Mayo;26
41 Sevilla;Luxemburgo;Junio;17
41 Sevilla;Luxemburgo;Julio;..
41 Sevilla;Luxemburgo;Agosto;60
41 Sevilla;Luxemburgo;Septiembre;..
41 Sevilla;Luxemburgo;Octubre;11
41 Sevilla;Luxemburgo;Noviembre;..
41 Sevilla;Luxemburgo;Diciembre;..
41 Sevilla;Países Bajos;Enero;347
41 Sevilla;Países Bajos;Febrero;812
41 Sevilla;Países Bajos;Marzo;984
41 Sevilla;Países Bajos;Abril;1.127
41 Sevilla;Países Bajos;Mayo;811
41 Sevilla;Países Bajos;Junio;806
41 Sevilla;Países Bajos;Julio;764
41 Sevilla;Países Bajos;Agosto;564
41 Sevilla;Países Bajos;Septiembre;1.197
41 Sevilla;Países Bajos;Octubre;1.103
41 Sevilla;Países Bajos;Noviembre;663
41 Sevilla;Países Bajos;Diciembre;304
41 Sevilla;Polonia;Enero;222
41 Sevilla;Polonia;Febrero;178
41 Sevilla;Polonia;Marzo;212
41 Sevilla;Polonia;Abril;364
41 Sevilla;Polonia;Mayo;379
41 Sevilla;Polonia;Junio;547
41 Sevilla;Polonia;Julio;362
41 Sevilla;Polonia;Agosto;426
41 Sevilla;Polonia;Septiembre;479
41 Sevilla;Polonia;Octubre;316
41 Sevilla;Polonia;Noviembre;174
41 Sevilla;Polonia;Diciembre;78
41 Sevilla;Portugal;Enero;204
41 Sevilla;Portugal;Febrero;596
41 Sevilla;Portugal;Marzo;860
41 Sevilla;Portugal;Abril;1.055
41 Sevilla;Portugal;Mayo;688
41 Sevilla;Portugal;Junio;1.306
41 Sevilla;Portugal;Julio;1.437
41 Sevilla;Portugal;Agosto;4.026
41 Sevilla;Portugal;Septiembre;1.640
41 Sevilla;Portugal;Octubre;383
41 Sevilla;Portugal;Noviembre;875
41 Sevilla;Portugal;Diciembre;639
41 Sevilla;Reino Unido;Enero;859
41 Sevilla;Reino Unido;Febrero;1.438
41 Sevilla;Reino Unido;Marzo;2.104
41 Sevilla;Reino Unido;Abril;1.937
41 Sevilla;Reino Unido;Mayo;1.636
41 Sevilla;Reino Unido;Junio;1.716
41 Sevilla;Reino Unido;Julio;1.986
41 Sevilla;Reino Unido;Agosto;1.570
41 Sevilla;Reino Unido;Septiembre;2.552
41 Sevilla;Reino Unido;Octubre;2.421
41 Sevilla;Reino Unido;Noviembre;1.178
41 Sevilla;Reino Unido;Diciembre;997
41 Sevilla;Republica Checa;Enero;..
41 Sevilla;Republica Checa;Febrero;78
41 Sevilla;Republica Checa;Marzo;96
41 Sevilla;Republica Checa;Abril;24
41 Sevilla;Republica Checa;Mayo;219
41 Sevilla;Republica Checa;Junio;99
41 Sevilla;Republica Checa;Julio;65
41 Sevilla;Republica Checa;Agosto;35
41 Sevilla;Republica Checa;Septiembre;120
41 Sevilla;Republica Checa;Octubre;156
41 Sevilla;Republica Checa;Noviembre;175
41 Sevilla;Republica Checa;Diciembre;22
41 Sevilla;Suecia;Enero;167
41 Sevilla;Suecia;Febrero;47
41 Sevilla;Suecia;Marzo;..
41 Sevilla;Suecia;Abril;..
41 Sevilla;Suecia;Mayo;99
41 Sevilla;Suecia;Junio;195
41 Sevilla;Suecia;Julio;92
41 Sevilla;Suecia;Agosto;50
41 Sevilla;Suecia;Septiembre;86
41 Sevilla;Suecia;Octubre;21
41 Sevilla;Suecia;Noviembre;131
41 Sevilla;Suecia;Diciembre;74
41 Sevilla;Resto de la UE;Enero;194
41 Sevilla;Resto de la UE;Febrero;446
41 Sevilla;Resto de la UE;Marzo;493
41 Sevilla;Resto de la UE;Abril;491
41 Sevilla;Resto de la UE;Mayo;390
41 Sevilla;Resto de la UE;Junio;329
41 Sevilla;Resto de la UE;Julio;382
41 Sevilla;Resto de la UE;Agosto;307
41 Sevilla;Resto de la UE;Septiembre;458
41 Sevilla;Resto de la UE;Octubre;544
41 Sevilla;Resto de la UE;Noviembre;235
41 Sevilla;Resto de la UE;Diciembre;234
41 Sevilla;Noruega;Enero;25
41 Sevilla;Noruega;Febrero;..
41 Sevilla;Noruega;Marzo;30
41 Sevilla;Noruega;Abril;..
41 Sevilla;Noruega;Mayo;51
41 Sevilla;Noruega;Junio;160
41 Sevilla;Noruega;Julio;140
41 Sevilla;Noruega;Agosto;24
41 Sevilla;Noruega;Septiembre;45
41 Sevilla;Noruega;Octubre;52
41 Sevilla;Noruega;Noviembre;23
41 Sevilla;Noruega;Diciembre;65
41 Sevilla;Rusia;Enero;227
41 Sevilla;Rusia;Febrero;269
41 Sevilla;Rusia;Marzo;327
41 Sevilla;Rusia;Abril;288
41 Sevilla;Rusia;Mayo;453
41 Sevilla;Rusia;Junio;375
41 Sevilla;Rusia;Julio;419
41 Sevilla;Rusia;Agosto;250
41 Sevilla;Rusia;Septiembre;169
41 Sevilla;Rusia;Octubre;704
41 Sevilla;Rusia;Noviembre;97
41 Sevilla;Rusia;Diciembre;255
41 Sevilla;Suiza;Enero;137
41 Sevilla;Suiza;Febrero;..
41 Sevilla;Suiza;Marzo;228
41 Sevilla;Suiza;Abril;..
41 Sevilla;Suiza;Mayo;239
41 Sevilla;Suiza;Junio;463
41 Sevilla;Suiza;Julio;274
41 Sevilla;Suiza;Agosto;143
41 Sevilla;Suiza;Septiembre;278
41 Sevilla;Suiza;Octubre;777
41 Sevilla;Suiza;Noviembre;153
41 Sevilla;Suiza;Diciembre;177
41 Sevilla;Resto de Europa;Enero;134
41 Sevilla;Resto de Europa;Febrero;234
41 Sevilla;Resto de Europa;Marzo;111
41 Sevilla;Resto de Europa;Abril;315
41 Sevilla;Resto de Europa;Mayo;170
41 Sevilla;Resto de Europa;Junio;463
41 Sevilla;Resto de Europa;Julio;272
41 Sevilla;Resto de Europa;Agosto;151
41 Sevilla;Resto de Europa;Septiembre;380
41 Sevilla;Resto de Europa;Octubre;391
41 Sevilla;Resto de Europa;Noviembre;347
41 Sevilla;Resto de Europa;Diciembre;293
41 Sevilla;Estados Unidos;Enero;538
41 Sevilla;Estados Unidos;Febrero;588
41 Sevilla;Estados Unidos;Marzo;1.981
41 Sevilla;Estados Unidos;Abril;1.727
41 Sevilla;Estados Unidos;Mayo;2.237
41 Sevilla;Estados Unidos;Junio;2.358
41 Sevilla;Estados Unidos;Julio;1.593
41 Sevilla;Estados Unidos;Agosto;886
41 Sevilla;Estados Unidos;Septiembre;1.754
41 Sevilla;Estados Unidos;Octubre;1.660
41 Sevilla;Estados Unidos;Noviembre;1.258
41 Sevilla;Estados Unidos;Diciembre;1.090
41 Sevilla;Resto de América;Enero;1.446
41 Sevilla;Resto de América;Febrero;1.037
41 Sevilla;Resto de América;Marzo;980
41 Sevilla;Resto de América;Abril;1.258
41 Sevilla;Resto de América;Mayo;2.410
41 Sevilla;Resto de América;Junio;1.918
41 Sevilla;Resto de América;Julio;1.788
41 Sevilla;Resto de América;Agosto;1.839
41 Sevilla;Resto de América;Septiembre;2.357
41 Sevilla;Resto de América;Octubre;1.587
41 Sevilla;Resto de América;Noviembre;1.315
41 Sevilla;Resto de América;Diciembre;969
41 Sevilla;Países Africanos;Enero;1.008
41 Sevilla;Países Africanos;Febrero;383
41 Sevilla;Países Africanos;Marzo;443
41 Sevilla;Países Africanos;Abril;623
41 Sevilla;Países Africanos;Mayo;82
41 Sevilla;Países Africanos;Junio;511
41 Sevilla;Países Africanos;Julio;700
41 Sevilla;Países Africanos;Agosto;1.428
41 Sevilla;Países Africanos;Septiembre;401
41 Sevilla;Países Africanos;Octubre;311
41 Sevilla;Países Africanos;Noviembre;567
41 Sevilla;Países Africanos;Diciembre;256
41 Sevilla;Resto del mundo;Enero;8.401
41 Sevilla;Resto del mundo;Febrero;7.065
41 Sevilla;Resto del mundo;Marzo;5.998
41 Sevilla;Resto del mundo;Abril;6.339
41 Sevilla;Resto del mundo;Mayo;6.217
41 Sevilla;Resto del mundo;Junio;6.299
41 Sevilla;Resto del mundo;Julio;5.098
41 Sevilla;Resto del mundo;Agosto;4.596
41 Sevilla;Resto del mundo;Septiembre;5.736
41 Sevilla;Resto del mundo;Octubre;7.500
41 Sevilla;Resto del mundo;Noviembre;5.540
41 Sevilla;Resto del mundo;Diciembre;5.045
46 Valencia/València;Total;Enero;15.859
46 Valencia/València;Total;Febrero;18.223
46 Valencia/València;Total;Marzo;23.781
46 Valencia/València;Total;Abril;41.541
46 Valencia/València;Total;Mayo;40.401
46 Valencia/València;Total;Junio;44.700
46 Valencia/València;Total;Julio;62.588
46 Valencia/València;Total;Agosto;73.246
46 Valencia/València;Total;Septiembre;40.172
46 Valencia/València;Total;Octubre;37.339
46 Valencia/València;Total;Noviembre;29.912
46 Valencia/València;Total;Diciembre;28.266
46 Valencia/València;Residentes en España;Enero;5.945
46 Valencia/València;Residentes en España;Febrero;7.817
46 Valencia/València;Residentes en España;Marzo;11.026
46 Valencia/València;Residentes en España;Abril;17.130
46 Valencia/València;Residentes en España;Mayo;15.156
46 Valencia/València;Residentes en España;Junio;21.239
46 Valencia/València;Residentes en España;Julio;33.045
46 Valencia/València;Residentes en España;Agosto;38.672
46 Valencia/València;Residentes en España;Septiembre;15.641
46 Valencia/València;Residentes en España;Octubre;11.642
46 Valencia/València;Residentes en España;Noviembre;11.852
46 Valencia/València;Residentes en España;Diciembre;13.698
46 Valencia/València;No residentes en España;Enero;9.914
46 Valencia/València;No residentes en España;Febrero;10.407
46 Valencia/València;No residentes en España;Marzo;12.755
46 Valencia/València;No residentes en España;Abril;24.411
46 Valencia/València;No residentes en España;Mayo;25.244
46 Valencia/València;No residentes en España;Junio;23.461
46 Valencia/València;No residentes en España;Julio;29.544
46 Valencia/València;No residentes en España;Agosto;34.574
46 Valencia/València;No residentes en España;Septiembre;24.530
46 Valencia/València;No residentes en España;Octubre;25.697
46 Valencia/València;No residentes en España;Noviembre;18.061
46 Valencia/València;No residentes en España;Diciembre;14.568
46 Valencia/València;Unión Europea (sin España);Enero;6.922
46 Valencia/València;Unión Europea (sin España);Febrero;8.084
46 Valencia/València;Unión Europea (sin España);Marzo;10.114
46 Valencia/València;Unión Europea (sin España);Abril;19.715
46 Valencia/València;Unión Europea (sin España);Mayo;19.951
46 Valencia/València;Unión Europea (sin España);Junio;17.382
46 Valencia/València;Unión Europea (sin España);Julio;22.560
46 Valencia/València;Unión Europea (sin España);Agosto;28.121
46 Valencia/València;Unión Europea (sin España);Septiembre;17.877
46 Valencia/València;Unión Europea (sin España);Octubre;19.972
46 Valencia/València;Unión Europea (sin España);Noviembre;14.320
46 Valencia/València;Unión Europea (sin España);Diciembre;10.422
46 Valencia/València;Alemania;Enero;458
46 Valencia/València;Alemania;Febrero;535
46 Valencia/València;Alemania;Marzo;1.116
46 Valencia/València;Alemania;Abril;1.914
46 Valencia/València;Alemania;Mayo;1.720
46 Valencia/València;Alemania;Junio;1.861
46 Valencia/València;Alemania;Julio;2.350
46 Valencia/València;Alemania;Agosto;2.527
46 Valencia/València;Alemania;Septiembre;1.926
46 Valencia/València;Alemania;Octubre;2.563
46 Valencia/València;Alemania;Noviembre;1.164
46 Valencia/València;Alemania;Diciembre;838
46 Valencia/València;Austria;Enero;14
46 Valencia/València;Austria;Febrero;..
46 Valencia/València;Austria;Marzo;160
46 Valencia/València;Austria;Abril;369
46 Valencia/València;Austria;Mayo;489
46 Valencia/València;Austria;Junio;458
46 Valencia/València;Austria;Julio;386
46 Valencia/València;Austria;Agosto;416
46 Valencia/València;Austria;Septiembre;285
46 Valencia/València;Austria;Octubre;245
46 Valencia/València;Austria;Noviembre;..
46 Valencia/València;Austria;Diciembre;187
46 Valencia/València;Bélgica;Enero;275
46 Valencia/València;Bélgica;Febrero;301
46 Valencia/València;Bélgica;Marzo;483
46 Valencia/València;Bélgica;Abril;1.362
46 Valencia/València;Bélgica;Mayo;731
46 Valencia/València;Bélgica;Junio;890
46 Valencia/València;Bélgica;Julio;1.105
46 Valencia/València;Bélgica;Agosto;591
46 Valencia/València;Bélgica;Septiembre;1.158
46 Valencia/València;Bélgica;Octubre;787
46 Valencia/València;Bélgica;Noviembre;654
46 Valencia/València;Bélgica;Diciembre;421
46 Valencia/València;Dinamarca;Enero;30
46 Valencia/València;Dinamarca;Febrero;88
46 Valencia/València;Dinamarca;Marzo;76
46 Valencia/València;Dinamarca;Abril;160
46 Valencia/València;Dinamarca;Mayo;54
46 Valencia/València;Dinamarca;Junio;..
46 Valencia/València;Dinamarca;Julio;361
46 Valencia/València;Dinamarca;Agosto;173
46 Valencia/València;Dinamarca;Septiembre;153
46 Valencia/València;Dinamarca;Octubre;169
46 Valencia/València;Dinamarca;Noviembre;..
46 Valencia/València;Dinamarca;Diciembre;..
46 Valencia/València;Finlandia;Enero;39
46 Valencia/València;Finlandia;Febrero;121
46 Valencia/València;Finlandia;Marzo;83
46 Valencia/València;Finlandia;Abril;..
46 Valencia/València;Finlandia;Mayo;..
46 Valencia/València;Finlandia;Junio;136
46 Valencia/València;Finlandia;Julio;146
46 Valencia/València;Finlandia;Agosto;..
46 Valencia/València;Finlandia;Septiembre;..
46 Valencia/València;Finlandia;Octubre;..
46 Valencia/València;Finlandia;Noviembre;..
46 Valencia/València;Finlandia;Diciembre;52
46 Valencia/València;Francia;Enero;491
46 Valencia/València;Francia;Febrero;812
46 Valencia/València;Francia;Marzo;804
46 Valencia/València;Francia;Abril;1.953
46 Valencia/València;Francia;Mayo;1.644
46 Valencia/València;Francia;Junio;1.217
46 Valencia/València;Francia;Julio;3.848
46 Valencia/València;Francia;Agosto;7.038
46 Valencia/València;Francia;Septiembre;1.871
46 Valencia/València;Francia;Octubre;2.023
46 Valencia/València;Francia;Noviembre;1.543
46 Valencia/València;Francia;Diciembre;1.358
46 Valencia/València;Grecia;Enero;18
46 Valencia/València;Grecia;Febrero;38
46 Valencia/València;Grecia;Marzo;..
46 Valencia/València;Grecia;Abril;10
46 Valencia/València;Grecia;Mayo;..
46 Valencia/València;Grecia;Junio;..
46 Valencia/València;Grecia;Julio;85
46 Valencia/València;Grecia;Agosto;..
46 Valencia/València;Grecia;Septiembre;24
46 Valencia/València;Grecia;Octubre;..
46 Valencia/València;Grecia;Noviembre;56
46 Valencia/València;Grecia;Diciembre;..
46 Valencia/València;Irlanda;Enero;..
46 Valencia/València;Irlanda;Febrero;..
46 Valencia/València;Irlanda;Marzo;..
46 Valencia/València;Irlanda;Abril;..
46 Valencia/València;Irlanda;Mayo;..
46 Valencia/València;Irlanda;Junio;530
46 Valencia/València;Irlanda;Julio;321
46 Valencia/València;Irlanda;Agosto;408
46 Valencia/València;Irlanda;Septiembre;258
46 Valencia/València;Irlanda;Octubre;106
46 Valencia/València;Irlanda;Noviembre;195
46 Valencia/València;Irlanda;Diciembre;..
46 Valencia/València;Italia;Enero;2.324
46 Valencia/València;Italia;Febrero;2.066
46 Valencia/València;Italia;Marzo;2.422
46 Valencia/València;Italia;Abril;5.672
46 Valencia/València;Italia;Mayo;6.208
46 Valencia/València;Italia;Junio;5.477
46 Valencia/València;Italia;Julio;6.593
46 Valencia/València;Italia;Agosto;8.889
46 Valencia/València;Italia;Septiembre;4.788
46 Valencia/València;Italia;Octubre;4.652
46 Valencia/València;Italia;Noviembre;4.432
46 Valencia/València;Italia;Diciembre;3.896
46 Valencia/València;Luxemburgo;Enero;..
46 Valencia/València;Luxemburgo;Febrero;..
46 Valencia/València;Luxemburgo;Marzo;..
46 Valencia/València;Luxemburgo;Abril;162
46 Valencia/València;Luxemburgo;Mayo;..
46 Valencia/València;Luxemburgo;Junio;..
46 Valencia/València;Luxemburgo;Julio;73
46 Valencia/València;Luxemburgo;Agosto;..
46 Valencia/València;Luxemburgo;Septiembre;..
46 Valencia/València;Luxemburgo;Octubre;..
46 Valencia/València;Luxemburgo;Noviembre;16
46 Valencia/València;Luxemburgo;Diciembre;..
46 Valencia/València;Países Bajos;Enero;..
46 Valencia/València;Países Bajos;Febrero;..
46 Valencia/València;Países Bajos;Marzo;1.738
46 Valencia/València;Países Bajos;Abril;3.048
46 Valencia/València;Países Bajos;Mayo;4.164
46 Valencia/València;Países Bajos;Junio;2.542
46 Valencia/València;Países Bajos;Julio;2.586
46 Valencia/València;Países Bajos;Agosto;2.628
46 Valencia/València;Países Bajos;Septiembre;2.973
46 Valencia/València;Países Bajos;Octubre;4.318
46 Valencia/València;Países Bajos;Noviembre;..
46 Valencia/València;Países Bajos;Diciembre;1.284
46 Valencia/València;Polonia;Enero;..
46 Valencia/València;Polonia;Febrero;258
46 Valencia/València;Polonia;Marzo;..
46 Valencia/València;Polonia;Abril;459
46 Valencia/València;Polonia;Mayo;341
46 Valencia/València;Polonia;Junio;359
46 Valencia/València;Polonia;Julio;499
46 Valencia/València;Polonia;Agosto;295
46 Valencia/València;Polonia;Septiembre;365
46 Valencia/València;Polonia;Octubre;252
46 Valencia/València;Polonia;Noviembre;603
46 Valencia/València;Polonia;Diciembre;146
46 Valencia/València;Portugal;Enero;130
46 Valencia/València;Portugal;Febrero;173
46 Valencia/València;Portugal;Marzo;..
46 Valencia/València;Portugal;Abril;312
46 Valencia/València;Portugal;Mayo;181
46 Valencia/València;Portugal;Junio;241
46 Valencia/València;Portugal;Julio;319
46 Valencia/València;Portugal;Agosto;611
46 Valencia/València;Portugal;Septiembre;223
46 Valencia/València;Portugal;Octubre;181
46 Valencia/València;Portugal;Noviembre;..
46 Valencia/València;Portugal;Diciembre;129
46 Valencia/València;Reino Unido;Enero;1.396
46 Valencia/València;Reino Unido;Febrero;1.631
46 Valencia/València;Reino Unido;Marzo;2.055
46 Valencia/València;Reino Unido;Abril;2.771
46 Valencia/València;Reino Unido;Mayo;2.637
46 Valencia/València;Reino Unido;Junio;2.117
46 Valencia/València;Reino Unido;Julio;2.175
46 Valencia/València;Reino Unido;Agosto;2.999
46 Valencia/València;Reino Unido;Septiembre;2.144
46 Valencia/València;Reino Unido;Octubre;2.844
46 Valencia/València;Reino Unido;Noviembre;1.968
46 Valencia/València;Reino Unido;Diciembre;1.251
46 Valencia/València;Republica Checa;Enero;..
46 Valencia/València;Republica Checa;Febrero;..
46 Valencia/València;Republica Checa;Marzo;100
46 Valencia/València;Republica Checa;Abril;116
46 Valencia/València;Republica Checa;Mayo;354
46 Valencia/València;Republica Checa;Junio;239
46 Valencia/València;Republica Checa;Julio;420
46 Valencia/València;Republica Checa;Agosto;90
46 Valencia/València;Republica Checa;Septiembre;..
46 Valencia/València;Republica Checa;Octubre;167
46 Valencia/València;Republica Checa;Noviembre;90
46 Valencia/València;Republica Checa;Diciembre;153
46 Valencia/València;Suecia;Enero;..
46 Valencia/València;Suecia;Febrero;..
46 Valencia/València;Suecia;Marzo;75
46 Valencia/València;Suecia;Abril;..
46 Valencia/València;Suecia;Mayo;40
46 Valencia/València;Suecia;Junio;133
46 Valencia/València;Suecia;Julio;361
46 Valencia/València;Suecia;Agosto;216
46 Valencia/València;Suecia;Septiembre;64
46 Valencia/València;Suecia;Octubre;..
46 Valencia/València;Suecia;Noviembre;..
46 Valencia/València;Suecia;Diciembre;70
46 Valencia/València;Resto de la UE;Enero;487
46 Valencia/València;Resto de la UE;Febrero;377
46 Valencia/València;Resto de la UE;Marzo;511
46 Valencia/València;Resto de la UE;Abril;909
46 Valencia/València;Resto de la UE;Mayo;1.140
46 Valencia/València;Resto de la UE;Junio;966
46 Valencia/València;Resto de la UE;Julio;933
46 Valencia/València;Resto de la UE;Agosto;1.202
46 Valencia/València;Resto de la UE;Septiembre;1.448
46 Valencia/València;Resto de la UE;Octubre;1.349
46 Valencia/València;Resto de la UE;Noviembre;1.043
46 Valencia/València;Resto de la UE;Diciembre;496
46 Valencia/València;Noruega;Enero;..
46 Valencia/València;Noruega;Febrero;..
46 Valencia/València;Noruega;Marzo;159
46 Valencia/València;Noruega;Abril;..
46 Valencia/València;Noruega;Mayo;..
46 Valencia/València;Noruega;Junio;..
46 Valencia/València;Noruega;Julio;306
46 Valencia/València;Noruega;Agosto;146
46 Valencia/València;Noruega;Septiembre;60
46 Valencia/València;Noruega;Octubre;183
46 Valencia/València;Noruega;Noviembre;..
46 Valencia/València;Noruega;Diciembre;..
46 Valencia/València;Rusia;Enero;..
46 Valencia/València;Rusia;Febrero;332
46 Valencia/València;Rusia;Marzo;466
46 Valencia/València;Rusia;Abril;871
46 Valencia/València;Rusia;Mayo;1.046
46 Valencia/València;Rusia;Junio;1.108
46 Valencia/València;Rusia;Julio;1.499
46 Valencia/València;Rusia;Agosto;860
46 Valencia/València;Rusia;Septiembre;1.165
46 Valencia/València;Rusia;Octubre;1.053
46 Valencia/València;Rusia;Noviembre;654
46 Valencia/València;Rusia;Diciembre;..
46 Valencia/València;Suiza;Enero;136
46 Valencia/València;Suiza;Febrero;..
46 Valencia/València;Suiza;Marzo;105
46 Valencia/València;Suiza;Abril;..
46 Valencia/València;Suiza;Mayo;266
46 Valencia/València;Suiza;Junio;222
46 Valencia/València;Suiza;Julio;839
46 Valencia/València;Suiza;Agosto;404
46 Valencia/València;Suiza;Septiembre;396
46 Valencia/València;Suiza;Octubre;442
46 Valencia/València;Suiza;Noviembre;246
46 Valencia/València;Suiza;Diciembre;210
46 Valencia/València;Resto de Europa;Enero;255
46 Valencia/València;Resto de Europa;Febrero;302
46 Valencia/València;Resto de Europa;Marzo;226
46 Valencia/València;Resto de Europa;Abril;438
46 Valencia/València;Resto de Europa;Mayo;962
46 Valencia/València;Resto de Europa;Junio;426
46 Valencia/València;Resto de Europa;Julio;767
46 Valencia/València;Resto de Europa;Agosto;369
46 Valencia/València;Resto de Europa;Septiembre;759
46 Valencia/València;Resto de Europa;Octubre;466
46 Valencia/València;Resto de Europa;Noviembre;..
46 Valencia/València;Resto de Europa;Diciembre;..
46 Valencia/València;Estados Unidos;Enero;315
46 Valencia/València;Estados Unidos;Febrero;388
46 Valencia/València;Estados Unidos;Marzo;635
46 Valencia/València;Estados Unidos;Abril;807
46 Valencia/València;Estados Unidos;Mayo;666
46 Valencia/València;Estados Unidos;Junio;1.207
46 Valencia/València;Estados Unidos;Julio;1.221
46 Valencia/València;Estados Unidos;Agosto;1.032
46 Valencia/València;Estados Unidos;Septiembre;794
46 Valencia/València;Estados Unidos;Octubre;787
46 Valencia/València;Estados Unidos;Noviembre;657
46 Valencia/València;Estados Unidos;Diciembre;776
46 Valencia/València;Resto de América;Enero;466
46 Valencia/València;Resto de América;Febrero;511
46 Valencia/València;Resto de América;Marzo;544
46 Valencia/València;Resto de América;Abril;834
46 Valencia/València;Resto de América;Mayo;1.213
46 Valencia/València;Resto de América;Junio;1.451
46 Valencia/València;Resto de América;Julio;1.202
46 Valencia/València;Resto de América;Agosto;1.569
46 Valencia/València;Resto de América;Septiembre;1.936
46 Valencia/València;Resto de América;Octubre;1.440
46 Valencia/València;Resto de América;Noviembre;728
46 Valencia/València;Resto de América;Diciembre;911
46 Valencia/València;Países Africanos;Enero;261
46 Valencia/València;Países Africanos;Febrero;227
46 Valencia/València;Países Africanos;Marzo;157
46 Valencia/València;Países Africanos;Abril;283
46 Valencia/València;Países Africanos;Mayo;..
46 Valencia/València;Países Africanos;Junio;..
46 Valencia/València;Países Africanos;Julio;309
46 Valencia/València;Países Africanos;Agosto;950
46 Valencia/València;Países Africanos;Septiembre;306
46 Valencia/València;Países Africanos;Octubre;325
46 Valencia/València;Países Africanos;Noviembre;228
46 Valencia/València;Países Africanos;Diciembre;128
46 Valencia/València;Resto del mundo;Enero;851
46 Valencia/València;Resto del mundo;Febrero;411
46 Valencia/València;Resto del mundo;Marzo;349
46 Valencia/València;Resto del mundo;Abril;871
46 Valencia/València;Resto del mundo;Mayo;964
46 Valencia/València;Resto del mundo;Junio;1.103
46 Valencia/València;Resto del mundo;Julio;842
46 Valencia/València;Resto del mundo;Agosto;1.123
46 Valencia/València;Resto del mundo;Septiembre;1.236
46 Valencia/València;Resto del mundo;Octubre;1.028
46 Valencia/València;Resto del mundo;Noviembre;572
46 Valencia/València;Resto del mundo;Diciembre;985
